0.0000,0.0000,0.0000,
3.0000,0.0000,-2.2500,8.0934,
6.0000,0.0000,-4.5000,5.1871,
9.0000,0.0000,-6.7500,2.8959,
12.0000,0.0000,-9.0000,1.1938,
15.0000,0.0000,-11.2500,0.7482,
18.0000,0.0000,-13.5000,1.0673,
21.0000,0.0000,-15.7500,1.5960,
24.0000,0.0000,-18.0000,1.7096,
27.0000,0.0000,-20.2500,1.7156,
30.0000,0.0000,-22.5000,1.9364,
33.0000,0.0000,-24.7500,1.7786,
36.0000,0.0000,-27.0000,1.8490,
39.0000,0.0000,-29.2500,1.7307,
42.0000,0.0000,-31.5000,1.3995,
45.0000,0.0000,-33.7500,1.3885,
48.0000,0.0000,-36.0000,1.3790,
51.0000,0.0000,-38.2500,0.8864,
54.0000,0.0000,-40.5000,1.2298,
57.0000,0.0000,-42.7500,1.5991,
60.0000,0.0000,-45.0000,1.7591,
63.0000,0.0000,-47.2500,1.4109,
66.0000,0.0000,-49.5000,1.3870,
69.0000,0.0000,-51.7500,0.8467,
72.0000,0.0000,-54.0000,0.6199,
75.0000,0.0000,-56.2500,1.7335,
78.0000,0.0000,-58.5000,1.5138,
81.0000,0.0000,-60.7500,1.7560,
84.0000,0.0000,-63.0000,1.0635,
90.0000,0.0000,-67.5000,1.5053,
3.0000,0.0000,0.0000,
6.0000,0.0000,-2.2500,8.9302,
9.0000,0.0000,-4.5000,4.8162,
12.0000,0.0000,-6.7500,1.5800,
15.0000,0.0000,-9.0000,0.9867,
18.0000,0.0000,-11.2500,1.1023,
21.0000,0.0000,-13.5000,1.6980,
24.0000,0.0000,-15.7500,2.1634,
27.0000,0.0000,-18.0000,2.5775,
30.0000,0.0000,-20.2500,2.8545,
33.0000,0.0000,-22.5000,2.6294,
36.0000,0.0000,-24.7500,2.5734,
39.0000,0.0000,-27.0000,2.4969,
42.0000,0.0000,-29.2500,2.1087,
48.0000,0.0000,-33.7500,1.9593,
51.0000,0.0000,-36.0000,1.6716,
54.0000,0.0000,-38.2500,1.4451,
57.0000,0.0000,-40.5000,1.2069,
60.0000,0.0000,-42.7500,1.7023,
63.0000,0.0000,-45.0000,1.7899,
66.0000,0.0000,-47.2500,1.6602,
69.0000,0.0000,-49.5000,1.5879,
72.0000,0.0000,-51.7500,1.0424,
75.0000,0.0000,-54.0000,1.5892,
78.0000,0.0000,-56.2500,1.5571,
81.0000,0.0000,-58.5000,2.0426,
84.0000,0.0000,-60.7500,1.7610,
90.0000,0.0000,-65.2500,0.2737,
6.0000,0.0000,0.0000,
3.0000,0.0000,-2.2500,8.7632,
9.0000,0.0000,-2.2500,6.5592,
12.0000,0.0000,-4.5000,2.3448,
15.0000,0.0000,-6.7500,1.3712,
18.0000,0.0000,-9.0000,1.2475,
21.0000,0.0000,-11.2500,1.9648,
24.0000,0.0000,-13.5000,2.0026,
27.0000,0.0000,-15.7500,2.7477,
30.0000,0.0000,-18.0000,2.8741,
33.0000,0.0000,-20.2500,2.9755,
36.0000,0.0000,-22.5000,2.8120,
39.0000,0.0000,-24.7500,2.8823,
42.0000,0.0000,-27.0000,2.2890,
45.0000,0.0000,-29.2500,1.5238,
48.0000,0.0000,-31.5000,1.6575,
51.0000,0.0000,-33.7500,1.2312,
54.0000,0.0000,-36.0000,1.1914,
57.0000,0.0000,-38.2500,0.3882,
60.0000,0.0000,-40.5000,0.9320,
63.0000,0.0000,-42.7500,1.0386,
66.0000,0.0000,-45.0000,0.6809,
69.0000,0.0000,-47.2500,0.7117,
72.0000,0.0000,-49.5000,0.3521,
75.0000,0.0000,-51.7500,0.6492,
78.0000,0.0000,-54.0000,0.4054,
81.0000,0.0000,-56.2500,0.8922,
84.0000,0.0000,-58.5000,0.4723,
90.0000,0.0000,-63.0000,0.6882,
93.0000,0.0000,-65.2500,1.6272,
9.0000,0.0000,0.0000,
6.0000,0.0000,-2.2500,5.5297,
12.0000,0.0000,-2.2500,4.5554,
15.0000,0.0000,-4.5000,2.9735,
18.0000,0.0000,-6.7500,2.9703,
21.0000,0.0000,-9.0000,3.4811,
24.0000,0.0000,-11.2500,2.9990,
27.0000,0.0000,-13.5000,1.6110,
30.0000,0.0000,-15.7500,0.2211,
33.0000,0.0000,-18.0000,4.4943,
36.0000,0.0000,-20.2500,7.8883,
39.0000,0.0000,-22.5000,7.7512,
42.0000,0.0000,-24.7500,9.0609,
45.0000,0.0000,-27.0000,10.3879,
51.0000,0.0000,-31.5000,6.7481,
54.0000,0.0000,-33.7500,11.0697,
57.0000,0.0000,-36.0000,11.1948,
60.0000,0.0000,-38.2500,8.2759,
63.0000,0.0000,-40.5000,2.8289,
66.0000,0.0000,-42.7500,6.7418,
69.0000,0.0000,-45.0000,13.4671,
72.0000,0.0000,-47.2500,17.1949,
75.0000,0.0000,-49.5000,21.7773,
78.0000,0.0000,-51.7500,23.8608,
81.0000,0.0000,-54.0000,23.4811,
84.0000,0.0000,-56.2500,23.2095,
90.0000,0.0000,-60.7500,41.6459,
93.0000,0.0000,-63.0000,48.9445,
12.0000,0.0000,0.0000,
9.0000,0.0000,-2.2500,5.4057,
6.0000,0.0000,-4.5000,2.6944,
15.0000,0.0000,-2.2500,7.6686,
18.0000,0.0000,-4.5000,5.5891,
21.0000,0.0000,-6.7500,5.7688,
24.0000,0.0000,-9.0000,4.9344,
27.0000,0.0000,-11.2500,5.7621,
30.0000,0.0000,-13.5000,6.8271,
33.0000,0.0000,-15.7500,6.3341,
36.0000,0.0000,-18.0000,7.1887,
39.0000,0.0000,-20.2500,7.0109,
42.0000,0.0000,-22.5000,5.9047,
45.0000,0.0000,-24.7500,3.9587,
48.0000,0.0000,-27.0000,3.6829,
51.0000,0.0000,-29.2500,2.8534,
54.0000,0.0000,-31.5000,3.2855,
57.0000,0.0000,-33.7500,1.2228,
60.0000,0.0000,-36.0000,0.7682,
63.0000,0.0000,-38.2500,1.1547,
66.0000,0.0000,-40.5000,1.6136,
69.0000,0.0000,-42.7500,1.7911,
72.0000,0.0000,-45.0000,1.9417,
75.0000,0.0000,-47.2500,2.0445,
78.0000,0.0000,-49.5000,1.8249,
81.0000,0.0000,-51.7500,1.8519,
84.0000,0.0000,-54.0000,2.1724,
90.0000,0.0000,-58.5000,2.2428,
93.0000,0.0000,-60.7500,2.0904,
96.0000,0.0000,-63.0000,1.7257,
15.0000,0.0000,0.0000,
12.0000,0.0000,-2.2500,9.4308,
9.0000,0.0000,-4.5000,4.3448,
18.0000,0.0000,-2.2500,7.7960,
21.0000,0.0000,-4.5000,8.2648,
24.0000,0.0000,-6.7500,6.4727,
27.0000,0.0000,-9.0000,6.8923,
30.0000,0.0000,-11.2500,8.4068,
33.0000,0.0000,-13.5000,7.9712,
36.0000,0.0000,-15.7500,8.3844,
39.0000,0.0000,-18.0000,8.5849,
42.0000,0.0000,-20.2500,6.9561,
45.0000,0.0000,-22.5000,4.4315,
48.0000,0.0000,-24.7500,4.1740,
54.0000,0.0000,-29.2500,3.5510,
57.0000,0.0000,-31.5000,1.1316,
60.0000,0.0000,-33.7500,0.6428,
63.0000,0.0000,-36.0000,0.7368,
66.0000,0.0000,-38.2500,1.3148,
69.0000,0.0000,-40.5000,1.5733,
72.0000,0.0000,-42.7500,1.7271,
75.0000,0.0000,-45.0000,1.8484,
78.0000,0.0000,-47.2500,1.7099,
81.0000,0.0000,-49.5000,1.6388,
84.0000,0.0000,-51.7500,1.7853,
90.0000,0.0000,-56.2500,2.2994,
93.0000,0.0000,-58.5000,2.1616,
96.0000,0.0000,-60.7500,1.7531,
18.0000,0.0000,0.0000,
15.0000,0.0000,-2.2500,9.4416,
12.0000,0.0000,-4.5000,7.9257,
9.0000,0.0000,-6.7500,4.2812,
21.0000,0.0000,-2.2500,12.9633,
24.0000,0.0000,-4.5000,9.2232,
27.0000,0.0000,-6.7500,10.6063,
30.0000,0.0000,-9.0000,10.9718,
33.0000,0.0000,-11.2500,11.1051,
36.0000,0.0000,-13.5000,10.5236,
39.0000,0.0000,-15.7500,12.8332,
42.0000,0.0000,-18.0000,10.4307,
45.0000,0.0000,-20.2500,6.4310,
48.0000,0.0000,-22.5000,5.9878,
51.0000,0.0000,-24.7500,4.4638,
54.0000,0.0000,-27.0000,4.7076,
57.0000,0.0000,-29.2500,1.1667,
60.0000,0.0000,-31.5000,0.4346,
63.0000,0.0000,-33.7500,0.6089,
66.0000,0.0000,-36.0000,1.1222,
69.0000,0.0000,-38.2500,1.7720,
72.0000,0.0000,-40.5000,2.1135,
75.0000,0.0000,-42.7500,2.4272,
78.0000,0.0000,-45.0000,2.1108,
81.0000,0.0000,-47.2500,1.9314,
84.0000,0.0000,-49.5000,2.0771,
90.0000,0.0000,-54.0000,3.2843,
93.0000,0.0000,-56.2500,3.1169,
96.0000,0.0000,-58.5000,2.6276,
99.0000,0.0000,-60.7500,2.5892,
21.0000,0.0000,0.0000,
18.0000,0.0000,-2.2500,14.1823,
15.0000,0.0000,-4.5000,10.6948,
12.0000,0.0000,-6.7500,8.9691,
24.0000,0.0000,-2.2500,12.5471,
27.0000,0.0000,-4.5000,14.9720,
30.0000,0.0000,-6.7500,14.5554,
33.0000,0.0000,-9.0000,13.6127,
36.0000,0.0000,-11.2500,11.2558,
39.0000,0.0000,-13.5000,8.5319,
42.0000,0.0000,-15.7500,2.5365,
45.0000,0.0000,-18.0000,1.2980,
48.0000,0.0000,-20.2500,3.4022,
51.0000,0.0000,-22.5000,7.2003,
57.0000,0.0000,-27.0000,4.9707,
60.0000,0.0000,-29.2500,7.1122,
63.0000,0.0000,-31.5000,13.2238,
66.0000,0.0000,-33.7500,14.8755,
69.0000,0.0000,-36.0000,11.7687,
72.0000,0.0000,-38.2500,14.6184,
75.0000,0.0000,-40.5000,21.7423,
78.0000,0.0000,-42.7500,24.3964,
81.0000,0.0000,-45.0000,29.1723,
84.0000,0.0000,-47.2500,36.2596,
90.0000,0.0000,-51.7500,47.3602,
93.0000,0.0000,-54.0000,53.4152,
96.0000,0.0000,-56.2500,52.9035,
99.0000,0.0000,-58.5000,65.8321,
24.0000,0.0000,0.0000,
21.0000,0.0000,-2.2500,16.3178,
18.0000,0.0000,-4.5000,12.4698,
15.0000,0.0000,-6.7500,9.0650,
12.0000,0.0000,-9.0000,7.0439,
27.0000,0.0000,-2.2500,15.0018,
30.0000,0.0000,-4.5000,17.3674,
33.0000,0.0000,-6.7500,15.7293,
36.0000,0.0000,-9.0000,17.4676,
39.0000,0.0000,-11.2500,18.1416,
42.0000,0.0000,-13.5000,18.3167,
45.0000,0.0000,-15.7500,11.1250,
48.0000,0.0000,-18.0000,9.5527,
51.0000,0.0000,-20.2500,6.9727,
54.0000,0.0000,-22.5000,8.3745,
57.0000,0.0000,-24.7500,0.3645,
60.0000,0.0000,-27.0000,0.5855,
63.0000,0.0000,-29.2500,0.1408,
66.0000,0.0000,-31.5000,1.4595,
69.0000,0.0000,-33.7500,1.5510,
72.0000,0.0000,-36.0000,1.9969,
75.0000,0.0000,-38.2500,2.9752,
78.0000,0.0000,-40.5000,1.9910,
81.0000,0.0000,-42.7500,1.7873,
84.0000,0.0000,-45.0000,2.1237,
90.0000,0.0000,-49.5000,4.6768,
93.0000,0.0000,-51.7500,4.1150,
96.0000,0.0000,-54.0000,3.1714,
99.0000,0.0000,-56.2500,3.4244,
102.0000,0.0000,-58.5000,1.5564,
27.0000,0.0000,0.0000,
24.0000,0.0000,-2.2500,15.9010,
21.0000,0.0000,-4.5000,19.2811,
18.0000,0.0000,-6.7500,13.4604,
15.0000,0.0000,-9.0000,9.2900,
30.0000,0.0000,-2.2500,18.7430,
33.0000,0.0000,-4.5000,16.2076,
36.0000,0.0000,-6.7500,21.1067,
39.0000,0.0000,-9.0000,23.7984,
42.0000,0.0000,-11.2500,21.6678,
45.0000,0.0000,-13.5000,14.3832,
48.0000,0.0000,-15.7500,11.9060,
51.0000,0.0000,-18.0000,7.8663,
54.0000,0.0000,-20.2500,10.1791,
60.0000,0.0000,-24.7500,1.8517,
63.0000,0.0000,-27.0000,1.2939,
66.0000,0.0000,-29.2500,1.2317,
69.0000,0.0000,-31.5000,2.1409,
72.0000,0.0000,-33.7500,1.7742,
75.0000,0.0000,-36.0000,2.5861,
78.0000,0.0000,-38.2500,1.8660,
81.0000,0.0000,-40.5000,1.6692,
84.0000,0.0000,-42.7500,1.6857,
90.0000,0.0000,-47.2500,4.8272,
93.0000,0.0000,-49.5000,4.1657,
96.0000,0.0000,-51.7500,2.7282,
99.0000,0.0000,-54.0000,3.1200,
102.0000,0.0000,-56.2500,0.8555,
30.0000,0.0000,0.0000,
27.0000,0.0000,-2.2500,18.8598,
24.0000,0.0000,-4.5000,19.6977,
21.0000,0.0000,-6.7500,19.5318,
18.0000,0.0000,-9.0000,13.7386,
15.0000,0.0000,-11.2500,9.1637,
33.0000,0.0000,-2.2500,15.8715,
36.0000,0.0000,-4.5000,18.3797,
39.0000,0.0000,-6.7500,25.4189,
42.0000,0.0000,-9.0000,19.7706,
45.0000,0.0000,-11.2500,16.2648,
48.0000,0.0000,-13.5000,14.2065,
51.0000,0.0000,-15.7500,9.2889,
54.0000,0.0000,-18.0000,11.4252,
57.0000,0.0000,-20.2500,1.8985,
60.0000,0.0000,-22.5000,2.2290,
63.0000,0.0000,-24.7500,1.0360,
66.0000,0.0000,-27.0000,1.5698,
69.0000,0.0000,-29.2500,3.0756,
72.0000,0.0000,-31.5000,2.1087,
75.0000,0.0000,-33.7500,2.9352,
78.0000,0.0000,-36.0000,2.1538,
81.0000,0.0000,-38.2500,1.8315,
84.0000,0.0000,-40.5000,2.0742,
90.0000,0.0000,-45.0000,6.1378,
93.0000,0.0000,-47.2500,5.5583,
96.0000,0.0000,-49.5000,3.7031,
99.0000,0.0000,-51.7500,4.3548,
102.0000,0.0000,-54.0000,1.9422,
105.0000,0.0000,-56.2500,1.8685,
33.0000,0.0000,0.0000,
30.0000,0.0000,-2.2500,15.8701,
27.0000,0.0000,-4.5000,18.7753,
24.0000,0.0000,-6.7500,19.1598,
21.0000,0.0000,-9.0000,17.7491,
18.0000,0.0000,-11.2500,12.1174,
36.0000,0.0000,-2.2500,14.3414,
39.0000,0.0000,-4.5000,28.4333,
42.0000,0.0000,-6.7500,22.4626,
45.0000,0.0000,-9.0000,16.2284,
48.0000,0.0000,-11.2500,16.2877,
51.0000,0.0000,-13.5000,10.2767,
54.0000,0.0000,-15.7500,11.6423,
57.0000,0.0000,-18.0000,2.2766,
63.0000,0.0000,-22.5000,1.7268,
66.0000,0.0000,-24.7500,0.5222,
69.0000,0.0000,-27.0000,3.1056,
72.0000,0.0000,-29.2500,3.3883,
75.0000,0.0000,-31.5000,3.2364,
78.0000,0.0000,-33.7500,2.0526,
81.0000,0.0000,-36.0000,2.4583,
84.0000,0.0000,-38.2500,2.8835,
90.0000,0.0000,-42.7500,7.2567,
93.0000,0.0000,-45.0000,6.7110,
96.0000,0.0000,-47.2500,4.9644,
99.0000,0.0000,-49.5000,5.8363,
102.0000,0.0000,-51.7500,3.3275,
105.0000,0.0000,-54.0000,3.5935,
36.0000,0.0000,0.0000,
33.0000,0.0000,-2.2500,16.7134,
30.0000,0.0000,-4.5000,18.9539,
27.0000,0.0000,-6.7500,20.8211,
24.0000,0.0000,-9.0000,18.3174,
21.0000,0.0000,-11.2500,17.3740,
18.0000,0.0000,-13.5000,11.6167,
39.0000,0.0000,-2.2500,28.9938,
42.0000,0.0000,-4.5000,21.7907,
45.0000,0.0000,-6.7500,12.1489,
48.0000,0.0000,-9.0000,18.1486,
51.0000,0.0000,-11.2500,11.9777,
54.0000,0.0000,-13.5000,13.0672,
57.0000,0.0000,-15.7500,2.1619,
60.0000,0.0000,-18.0000,0.5410,
63.0000,0.0000,-20.2500,2.3201,
66.0000,0.0000,-22.5000,0.6433,
69.0000,0.0000,-24.7500,3.0582,
72.0000,0.0000,-27.0000,3.8902,
75.0000,0.0000,-29.2500,2.8150,
78.0000,0.0000,-31.5000,1.6714,
81.0000,0.0000,-33.7500,1.9442,
84.0000,0.0000,-36.0000,2.2588,
90.0000,0.0000,-40.5000,6.5825,
93.0000,0.0000,-42.7500,6.3088,
96.0000,0.0000,-45.0000,4.4372,
99.0000,0.0000,-47.2500,4.9194,
102.0000,0.0000,-49.5000,2.4306,
105.0000,0.0000,-51.7500,2.4145,
108.0000,0.0000,-54.0000,2.1768,
39.0000,0.0000,0.0000,
36.0000,0.0000,-2.2500,24.9101,
33.0000,0.0000,-4.5000,21.8672,
30.0000,0.0000,-6.7500,21.9257,
27.0000,0.0000,-9.0000,22.8553,
24.0000,0.0000,-11.2500,18.9381,
21.0000,0.0000,-13.5000,17.2364,
42.0000,0.0000,-2.2500,14.9108,
45.0000,0.0000,-4.5000,11.3842,
48.0000,0.0000,-6.7500,16.1679,
51.0000,0.0000,-9.0000,12.6803,
54.0000,0.0000,-11.2500,13.5136,
57.0000,0.0000,-13.5000,1.3253,
60.0000,0.0000,-15.7500,0.5115,
66.0000,0.0000,-20.2500,0.3060,
69.0000,0.0000,-22.5000,1.7552,
72.0000,0.0000,-24.7500,3.5595,
75.0000,0.0000,-27.0000,4.3470,
78.0000,0.0000,-29.2500,1.8447,
81.0000,0.0000,-31.5000,1.5859,
84.0000,0.0000,-33.7500,2.0477,
90.0000,0.0000,-38.2500,5.3806,
93.0000,0.0000,-40.5000,6.4889,
96.0000,0.0000,-42.7500,4.3465,
99.0000,0.0000,-45.0000,4.7972,
102.0000,0.0000,-47.2500,2.3533,
105.0000,0.0000,-49.5000,2.5233,
108.0000,0.0000,-51.7500,1.5786,
42.0000,0.0000,0.0000,
39.0000,0.0000,-2.2500,8.5843,
36.0000,0.0000,-4.5000,16.9740,
33.0000,0.0000,-6.7500,18.0554,
30.0000,0.0000,-9.0000,19.4012,
27.0000,0.0000,-11.2500,18.8152,
24.0000,0.0000,-13.5000,16.0944,
21.0000,0.0000,-15.7500,14.2132,
45.0000,0.0000,-2.2500,8.2307,
48.0000,0.0000,-4.5000,13.3105,
51.0000,0.0000,-6.7500,15.4155,
54.0000,0.0000,-9.0000,17.3698,
57.0000,0.0000,-11.2500,2.4637,
60.0000,0.0000,-13.5000,0.4912,
63.0000,0.0000,-15.7500,0.3746,
66.0000,0.0000,-18.0000,0.3602,
69.0000,0.0000,-20.2500,2.2884,
72.0000,0.0000,-22.5000,3.8274,
75.0000,0.0000,-24.7500,5.1205,
78.0000,0.0000,-27.0000,1.9905,
81.0000,0.0000,-29.2500,1.9377,
84.0000,0.0000,-31.5000,2.6101,
90.0000,0.0000,-36.0000,6.5346,
93.0000,0.0000,-38.2500,6.2553,
96.0000,0.0000,-40.5000,4.8171,
99.0000,0.0000,-42.7500,5.4319,
102.0000,0.0000,-45.0000,2.6164,
105.0000,0.0000,-47.2500,6.3216,
108.0000,0.0000,-49.5000,2.2790,
111.0000,0.0000,-51.7500,2.9600,
45.0000,0.0000,0.0000,
42.0000,0.0000,-2.2500,10.6136,
39.0000,0.0000,-4.5000,8.7014,
36.0000,0.0000,-6.7500,11.5666,
33.0000,0.0000,-9.0000,11.9366,
30.0000,0.0000,-11.2500,13.1757,
27.0000,0.0000,-13.5000,12.4982,
24.0000,0.0000,-15.7500,10.5866,
48.0000,0.0000,-2.2500,22.3488,
51.0000,0.0000,-4.5000,13.6811,
54.0000,0.0000,-6.7500,17.7895,
57.0000,0.0000,-9.0000,2.7892,
60.0000,0.0000,-11.2500,0.6863,
63.0000,0.0000,-13.5000,0.1181,
69.0000,0.0000,-18.0000,1.2309,
72.0000,0.0000,-20.2500,2.0698,
75.0000,0.0000,-22.5000,3.4558,
78.0000,0.0000,-24.7500,2.2526,
81.0000,0.0000,-27.0000,1.3366,
84.0000,0.0000,-29.2500,1.5277,
90.0000,0.0000,-33.7500,4.7533,
93.0000,0.0000,-36.0000,4.3923,
96.0000,0.0000,-38.2500,3.3481,
99.0000,0.0000,-40.5000,3.7995,
102.0000,0.0000,-42.7500,2.0646,
105.0000,0.0000,-45.0000,2.1097,
108.0000,0.0000,-47.2500,1.8136,
111.0000,0.0000,-49.5000,2.4265,
48.0000,0.0000,0.0000,
45.0000,0.0000,-2.2500,18.1364,
42.0000,0.0000,-4.5000,13.0845,
39.0000,0.0000,-6.7500,10.1301,
36.0000,0.0000,-9.0000,12.3235,
33.0000,0.0000,-11.2500,12.5978,
30.0000,0.0000,-13.5000,12.5150,
27.0000,0.0000,-15.7500,12.0933,
24.0000,0.0000,-18.0000,9.9999,
51.0000,0.0000,-2.2500,6.6815,
54.0000,0.0000,-4.5000,18.5082,
57.0000,0.0000,-6.7500,3.5025,
60.0000,0.0000,-9.0000,0.3815,
63.0000,0.0000,-11.2500,0.2840,
66.0000,0.0000,-13.5000,1.2824,
69.0000,0.0000,-15.7500,1.1154,
72.0000,0.0000,-18.0000,2.2122,
75.0000,0.0000,-20.2500,3.2347,
78.0000,0.0000,-22.5000,2.4104,
81.0000,0.0000,-24.7500,1.1769,
84.0000,0.0000,-27.0000,1.4617,
90.0000,0.0000,-31.5000,4.1984,
93.0000,0.0000,-33.7500,4.0266,
96.0000,0.0000,-36.0000,2.9256,
99.0000,0.0000,-38.2500,3.3769,
102.0000,0.0000,-40.5000,1.8547,
105.0000,0.0000,-42.7500,0.9593,
108.0000,0.0000,-45.0000,1.5037,
111.0000,0.0000,-47.2500,2.0575,
114.0000,0.0000,-49.5000,2.9381,
51.0000,0.0000,0.0000,
48.0000,0.0000,-2.2500,8.0814,
45.0000,0.0000,-4.5000,9.0076,
42.0000,0.0000,-6.7500,9.8392,
39.0000,0.0000,-9.0000,7.9294,
36.0000,0.0000,-11.2500,9.2228,
33.0000,0.0000,-13.5000,9.8016,
30.0000,0.0000,-15.7500,9.7278,
27.0000,0.0000,-18.0000,9.1891,
54.0000,0.0000,-2.2500,22.4076,
57.0000,0.0000,-4.5000,4.1244,
60.0000,0.0000,-6.7500,0.1151,
63.0000,0.0000,-9.0000,0.6424,
66.0000,0.0000,-11.2500,1.2308,
72.0000,0.0000,-15.7500,1.4486,
75.0000,0.0000,-18.0000,2.1557,
78.0000,0.0000,-20.2500,1.9760,
81.0000,0.0000,-22.5000,1.4602,
84.0000,0.0000,-24.7500,1.0564,
90.0000,0.0000,-29.2500,3.4998,
93.0000,0.0000,-31.5000,3.3738,
96.0000,0.0000,-33.7500,2.4545,
99.0000,0.0000,-36.0000,2.7816,
102.0000,0.0000,-38.2500,1.2707,
105.0000,0.0000,-40.5000,1.2245,
108.0000,0.0000,-42.7500,0.9322,
111.0000,0.0000,-45.0000,1.4538,
114.0000,0.0000,-47.2500,2.4394,
54.0000,0.0000,0.0000,
51.0000,0.0000,-2.2500,14.9522,
48.0000,0.0000,-4.5000,9.5718,
45.0000,0.0000,-6.7500,10.6004,
42.0000,0.0000,-9.0000,12.1681,
39.0000,0.0000,-11.2500,10.4855,
36.0000,0.0000,-13.5000,11.9999,
33.0000,0.0000,-15.7500,11.7944,
30.0000,0.0000,-18.0000,12.1372,
27.0000,0.0000,-20.2500,11.2667,
57.0000,0.0000,-2.2500,3.8855,
60.0000,0.0000,-4.5000,0.2274,
63.0000,0.0000,-6.7500,0.6692,
66.0000,0.0000,-9.0000,0.9073,
69.0000,0.0000,-11.2500,1.9609,
72.0000,0.0000,-13.5000,1.1839,
75.0000,0.0000,-15.7500,2.2336,
78.0000,0.0000,-18.0000,1.4377,
81.0000,0.0000,-20.2500,0.9246,
84.0000,0.0000,-22.5000,0.1172,
90.0000,0.0000,-27.0000,1.8760,
93.0000,0.0000,-29.2500,1.3279,
96.0000,0.0000,-31.5000,0.2854,
99.0000,0.0000,-33.7500,0.5169,
102.0000,0.0000,-36.0000,2.1597,
105.0000,0.0000,-38.2500,15.9973,
108.0000,0.0000,-40.5000,3.4174,
111.0000,0.0000,-42.7500,3.6610,
114.0000,0.0000,-45.0000,3.8546,
117.0000,0.0000,-47.2500,5.4188,
57.0000,0.0000,0.0000,
54.0000,0.0000,-2.2500,2.5887,
51.0000,0.0000,-4.5000,2.4845,
48.0000,0.0000,-6.7500,2.8654,
45.0000,0.0000,-9.0000,2.8114,
42.0000,0.0000,-11.2500,3.1915,
39.0000,0.0000,-13.5000,2.5897,
36.0000,0.0000,-15.7500,2.6916,
33.0000,0.0000,-18.0000,2.4355,
30.0000,0.0000,-20.2500,2.2461,
60.0000,0.0000,-2.2500,3.7560,
63.0000,0.0000,-4.5000,0.1664,
66.0000,0.0000,-6.7500,0.5323,
69.0000,0.0000,-9.0000,1.1885,
75.0000,0.0000,-13.5000,1.5185,
78.0000,0.0000,-15.7500,1.3892,
81.0000,0.0000,-18.0000,0.9655,
84.0000,0.0000,-20.2500,1.3470,
90.0000,0.0000,-24.7500,1.8109,
93.0000,0.0000,-27.0000,1.8152,
96.0000,0.0000,-29.2500,1.6851,
99.0000,0.0000,-31.5000,1.8649,
102.0000,0.0000,-33.7500,1.9626,
105.0000,0.0000,-36.0000,2.5744,
108.0000,0.0000,-38.2500,2.8214,
111.0000,0.0000,-40.5000,2.7418,
114.0000,0.0000,-42.7500,2.4134,
117.0000,0.0000,-45.0000,2.0004,
60.0000,0.0000,0.0000,
57.0000,0.0000,-2.2500,3.4051,
54.0000,0.0000,-4.5000,1.0083,
51.0000,0.0000,-6.7500,1.0369,
48.0000,0.0000,-9.0000,1.2289,
45.0000,0.0000,-11.2500,1.2618,
42.0000,0.0000,-13.5000,1.0691,
39.0000,0.0000,-15.7500,0.6065,
36.0000,0.0000,-18.0000,0.4707,
33.0000,0.0000,-20.2500,0.3156,
30.0000,0.0000,-22.5000,0.2290,
63.0000,0.0000,-2.2500,1.9639,
66.0000,0.0000,-4.5000,1.0591,
69.0000,0.0000,-6.7500,0.7187,
72.0000,0.0000,-9.0000,0.7059,
75.0000,0.0000,-11.2500,0.9862,
78.0000,0.0000,-13.5000,0.8028,
81.0000,0.0000,-15.7500,0.5486,
84.0000,0.0000,-18.0000,0.4345,
90.0000,0.0000,-22.5000,0.6348,
93.0000,0.0000,-24.7500,0.4375,
96.0000,0.0000,-27.0000,0.6861,
99.0000,0.0000,-29.2500,0.5716,
102.0000,0.0000,-31.5000,1.0672,
105.0000,0.0000,-33.7500,0.4548,
108.0000,0.0000,-36.0000,1.6156,
111.0000,0.0000,-38.2500,1.4295,
114.0000,0.0000,-40.5000,0.5203,
117.0000,0.0000,-42.7500,0.2793,
120.0000,0.0000,-45.0000,0.1054,
63.0000,0.0000,0.0000,
60.0000,0.0000,-2.2500,2.4149,
57.0000,0.0000,-4.5000,0.4822,
54.0000,0.0000,-6.7500,0.9270,
51.0000,0.0000,-9.0000,1.0465,
48.0000,0.0000,-11.2500,1.1304,
45.0000,0.0000,-13.5000,1.1518,
42.0000,0.0000,-15.7500,1.0092,
39.0000,0.0000,-18.0000,0.5706,
36.0000,0.0000,-20.2500,0.5993,
33.0000,0.0000,-22.5000,0.5146,
66.0000,0.0000,-2.2500,5.5475,
69.0000,0.0000,-4.5000,1.9376,
72.0000,0.0000,-6.7500,1.4008,
78.0000,0.0000,-11.2500,1.0462,
81.0000,0.0000,-13.5000,0.8917,
84.0000,0.0000,-15.7500,0.6959,
90.0000,0.0000,-20.2500,0.9952,
93.0000,0.0000,-22.5000,0.9374,
96.0000,0.0000,-24.7500,0.8365,
99.0000,0.0000,-27.0000,0.7413,
102.0000,0.0000,-29.2500,1.0474,
105.0000,0.0000,-31.5000,0.8774,
108.0000,0.0000,-33.7500,1.1859,
111.0000,0.0000,-36.0000,1.2797,
114.0000,0.0000,-38.2500,0.6552,
117.0000,0.0000,-40.5000,0.4988,
120.0000,0.0000,-42.7500,0.1378,
66.0000,0.0000,0.0000,
63.0000,0.0000,-2.2500,6.3137,
60.0000,0.0000,-4.5000,0.3643,
57.0000,0.0000,-6.7500,0.3266,
54.0000,0.0000,-9.0000,1.5842,
51.0000,0.0000,-11.2500,1.4585,
48.0000,0.0000,-13.5000,1.7656,
45.0000,0.0000,-15.7500,1.9008,
42.0000,0.0000,-18.0000,2.2971,
39.0000,0.0000,-20.2500,2.0674,
36.0000,0.0000,-22.5000,2.1308,
33.0000,0.0000,-24.7500,1.9174,
69.0000,0.0000,-2.2500,18.0238,
72.0000,0.0000,-4.5000,8.3836,
75.0000,0.0000,-6.7500,5.7622,
78.0000,0.0000,-9.0000,2.5526,
81.0000,0.0000,-11.2500,1.9093,
84.0000,0.0000,-13.5000,1.8281,
90.0000,0.0000,-18.0000,2.5523,
93.0000,0.0000,-20.2500,2.4294,
96.0000,0.0000,-22.5000,1.7686,
99.0000,0.0000,-24.7500,2.0358,
102.0000,0.0000,-27.0000,1.4440,
105.0000,0.0000,-29.2500,1.5347,
108.0000,0.0000,-31.5000,1.4008,
111.0000,0.0000,-33.7500,1.7214,
114.0000,0.0000,-36.0000,1.7866,
117.0000,0.0000,-38.2500,1.6318,
120.0000,0.0000,-40.5000,1.3182,
123.0000,0.0000,-42.7500,0.7768,
69.0000,0.0000,0.0000,
66.0000,0.0000,-2.2500,22.1098,
63.0000,0.0000,-4.5000,2.1028,
60.0000,0.0000,-6.7500,0.1749,
57.0000,0.0000,-9.0000,0.2664,
54.0000,0.0000,-11.2500,2.1974,
51.0000,0.0000,-13.5000,1.7835,
48.0000,0.0000,-15.7500,2.3306,
45.0000,0.0000,-18.0000,2.6607,
42.0000,0.0000,-20.2500,3.7178,
39.0000,0.0000,-22.5000,3.6435,
36.0000,0.0000,-24.7500,3.8311,
72.0000,0.0000,-2.2500,23.9097,
75.0000,0.0000,-4.5000,16.2488,
81.0000,0.0000,-9.0000,2.3910,
84.0000,0.0000,-11.2500,2.1766,
90.0000,0.0000,-15.7500,4.2678,
93.0000,0.0000,-18.0000,3.5646,
96.0000,0.0000,-20.2500,2.2825,
99.0000,0.0000,-22.5000,2.9576,
102.0000,0.0000,-24.7500,1.5991,
105.0000,0.0000,-27.0000,1.4747,
108.0000,0.0000,-29.2500,1.4610,
111.0000,0.0000,-31.5000,1.8758,
114.0000,0.0000,-33.7500,2.6436,
117.0000,0.0000,-36.0000,2.4883,
120.0000,0.0000,-38.2500,2.2444,
123.0000,0.0000,-40.5000,1.8345,
72.0000,0.0000,0.0000,
69.0000,0.0000,-2.2500,27.0285,
66.0000,0.0000,-4.5000,9.5447,
63.0000,0.0000,-6.7500,0.1887,
60.0000,0.0000,-9.0000,0.4863,
57.0000,0.0000,-11.2500,0.0945,
54.0000,0.0000,-13.5000,2.3066,
51.0000,0.0000,-15.7500,1.9579,
48.0000,0.0000,-18.0000,2.6987,
45.0000,0.0000,-20.2500,3.0439,
42.0000,0.0000,-22.5000,3.9721,
39.0000,0.0000,-24.7500,3.8834,
36.0000,0.0000,-27.0000,3.7113,
75.0000,0.0000,-2.2500,49.7627,
78.0000,0.0000,-4.5000,16.5623,
81.0000,0.0000,-6.7500,4.1598,
84.0000,0.0000,-9.0000,3.1132,
90.0000,0.0000,-13.5000,5.4356,
93.0000,0.0000,-15.7500,4.4219,
96.0000,0.0000,-18.0000,2.7094,
99.0000,0.0000,-20.2500,3.4517,
102.0000,0.0000,-22.5000,1.8405,
105.0000,0.0000,-24.7500,2.7734,
108.0000,0.0000,-27.0000,1.6147,
111.0000,0.0000,-29.2500,2.1934,
114.0000,0.0000,-31.5000,3.1393,
117.0000,0.0000,-33.7500,2.9419,
120.0000,0.0000,-36.0000,2.8490,
123.0000,0.0000,-38.2500,2.6941,
126.0000,0.0000,-40.5000,1.7334,
75.0000,0.0000,0.0000,
72.0000,0.0000,-2.2500,48.3913,
69.0000,0.0000,-4.5000,16.8305,
66.0000,0.0000,-6.7500,5.8752,
63.0000,0.0000,-9.0000,0.2772,
60.0000,0.0000,-11.2500,0.3126,
57.0000,0.0000,-13.5000,0.1447,
54.0000,0.0000,-15.7500,2.9471,
51.0000,0.0000,-18.0000,2.3962,
48.0000,0.0000,-20.2500,3.3255,
45.0000,0.0000,-22.5000,3.6857,
42.0000,0.0000,-24.7500,4.7604,
39.0000,0.0000,-27.0000,4.7471,
78.0000,0.0000,-2.2500,35.1360,
84.0000,0.0000,-6.7500,2.8105,
90.0000,0.0000,-11.2500,5.6305,
93.0000,0.0000,-13.5000,5.1088,
96.0000,0.0000,-15.7500,2.7098,
99.0000,0.0000,-18.0000,3.3310,
102.0000,0.0000,-20.2500,1.6284,
105.0000,0.0000,-22.5000,2.0652,
108.0000,0.0000,-24.7500,0.4997,
111.0000,0.0000,-27.0000,1.9916,
114.0000,0.0000,-29.2500,2.9156,
117.0000,0.0000,-31.5000,2.7289,
120.0000,0.0000,-33.7500,2.5094,
123.0000,0.0000,-36.0000,2.3773,
126.0000,0.0000,-38.2500,1.2250,
78.0000,0.0000,0.0000,
75.0000,0.0000,-2.2500,30.4543,
72.0000,0.0000,-4.5000,16.3574,
69.0000,0.0000,-6.7500,7.2901,
66.0000,0.0000,-9.0000,2.4829,
63.0000,0.0000,-11.2500,0.2172,
60.0000,0.0000,-13.5000,0.2907,
57.0000,0.0000,-15.7500,0.5173,
54.0000,0.0000,-18.0000,2.4738,
51.0000,0.0000,-20.2500,2.2180,
48.0000,0.0000,-22.5000,2.7399,
45.0000,0.0000,-24.7500,2.8182,
42.0000,0.0000,-27.0000,3.4080,
39.0000,0.0000,-29.2500,2.6987,
81.0000,0.0000,-2.2500,22.5386,
84.0000,0.0000,-4.5000,4.3783,
90.0000,0.0000,-9.0000,4.6618,
93.0000,0.0000,-11.2500,4.5066,
96.0000,0.0000,-13.5000,2.2330,
99.0000,0.0000,-15.7500,2.7427,
102.0000,0.0000,-18.0000,1.3868,
105.0000,0.0000,-20.2500,1.6323,
108.0000,0.0000,-22.5000,0.9960,
111.0000,0.0000,-24.7500,1.6630,
114.0000,0.0000,-27.0000,2.5640,
117.0000,0.0000,-29.2500,2.4988,
120.0000,0.0000,-31.5000,2.4888,
123.0000,0.0000,-33.7500,2.4767,
126.0000,0.0000,-36.0000,1.8480,
129.0000,0.0000,-38.2500,0.9782,
81.0000,0.0000,0.0000,
78.0000,0.0000,-2.2500,19.8940,
75.0000,0.0000,-4.5000,9.0679,
72.0000,0.0000,-6.7500,6.4800,
69.0000,0.0000,-9.0000,3.8906,
66.0000,0.0000,-11.2500,1.8582,
63.0000,0.0000,-13.5000,0.3481,
60.0000,0.0000,-15.7500,0.1895,
57.0000,0.0000,-18.0000,0.8368,
54.0000,0.0000,-20.2500,2.2221,
51.0000,0.0000,-22.5000,2.0977,
48.0000,0.0000,-24.7500,2.3513,
45.0000,0.0000,-27.0000,2.4828,
42.0000,0.0000,-29.2500,2.8198,
90.0000,0.0000,-6.7500,4.5675,
93.0000,0.0000,-9.0000,4.9101,
96.0000,0.0000,-11.2500,2.8691,
99.0000,0.0000,-13.5000,3.1604,
102.0000,0.0000,-15.7500,1.4956,
105.0000,0.0000,-18.0000,1.6913,
108.0000,0.0000,-20.2500,1.4631,
111.0000,0.0000,-22.5000,1.8811,
114.0000,0.0000,-24.7500,2.6688,
117.0000,0.0000,-27.0000,2.5737,
120.0000,0.0000,-29.2500,2.6345,
123.0000,0.0000,-31.5000,2.5638,
126.0000,0.0000,-33.7500,2.0805,
129.0000,0.0000,-36.0000,1.7108,
84.0000,0.0000,0.0000,
81.0000,0.0000,-2.2500,17.1544,
78.0000,0.0000,-4.5000,4.6366,
75.0000,0.0000,-6.7500,4.4951,
72.0000,0.0000,-9.0000,4.5860,
69.0000,0.0000,-11.2500,2.6061,
66.0000,0.0000,-13.5000,1.5385,
63.0000,0.0000,-15.7500,0.1783,
60.0000,0.0000,-18.0000,0.1981,
57.0000,0.0000,-20.2500,0.8931,
54.0000,0.0000,-22.5000,2.4964,
51.0000,0.0000,-24.7500,2.3684,
48.0000,0.0000,-27.0000,2.7066,
45.0000,0.0000,-29.2500,2.8523,
42.0000,0.0000,-31.5000,3.1247,
90.0000,0.0000,-4.5000,7.3922,
93.0000,0.0000,-6.7500,6.6515,
96.0000,0.0000,-9.0000,3.9569,
99.0000,0.0000,-11.2500,3.9320,
102.0000,0.0000,-13.5000,1.6764,
105.0000,0.0000,-15.7500,1.9502,
108.0000,0.0000,-18.0000,1.5492,
111.0000,0.0000,-20.2500,2.2243,
114.0000,0.0000,-22.5000,3.2829,
117.0000,0.0000,-24.7500,3.1395,
120.0000,0.0000,-27.0000,3.0437,
123.0000,0.0000,-29.2500,2.9290,
126.0000,0.0000,-31.5000,2.1942,
129.0000,0.0000,-33.7500,2.0204,
132.0000,0.0000,-36.0000,1.6493,
87.0000,0.0000,0.0000,
90.0000,0.0000,0.0000,
84.0000,0.0000,-4.5000,6.9919,
81.0000,0.0000,-6.7500,3.8863,
78.0000,0.0000,-9.0000,4.1646,
75.0000,0.0000,-11.2500,6.7034,
72.0000,0.0000,-13.5000,3.5123,
69.0000,0.0000,-15.7500,2.7972,
66.0000,0.0000,-18.0000,0.3777,
63.0000,0.0000,-20.2500,1.2950,
60.0000,0.0000,-22.5000,1.4509,
57.0000,0.0000,-24.7500,0.3038,
54.0000,0.0000,-27.0000,4.8027,
51.0000,0.0000,-29.2500,4.0744,
48.0000,0.0000,-31.5000,5.1303,
45.0000,0.0000,-33.7500,4.0713,
93.0000,0.0000,-2.2500,62.3860,
96.0000,0.0000,-4.5000,10.1992,
99.0000,0.0000,-6.7500,13.8434,
102.0000,0.0000,-9.0000,3.3620,
105.0000,0.0000,-11.2500,3.5515,
108.0000,0.0000,-13.5000,3.1894,
111.0000,0.0000,-15.7500,5.1548,
114.0000,0.0000,-18.0000,8.3284,
117.0000,0.0000,-20.2500,7.7415,
120.0000,0.0000,-22.5000,7.2377,
123.0000,0.0000,-24.7500,6.6952,
126.0000,0.0000,-27.0000,4.1016,
129.0000,0.0000,-29.2500,4.1394,
132.0000,0.0000,-31.5000,3.5818,
135.0000,0.0000,-33.7500,2.2768,
93.0000,0.0000,0.0000,
84.0000,0.0000,-6.7500,4.8958,
81.0000,0.0000,-9.0000,3.6677,
78.0000,0.0000,-11.2500,5.0304,
75.0000,0.0000,-13.5000,5.7101,
72.0000,0.0000,-15.7500,4.2169,
69.0000,0.0000,-18.0000,2.8073,
66.0000,0.0000,-20.2500,0.8285,
63.0000,0.0000,-22.5000,0.6334,
60.0000,0.0000,-24.7500,0.5235,
57.0000,0.0000,-27.0000,1.0536,
54.0000,0.0000,-29.2500,5.0121,
51.0000,0.0000,-31.5000,4.6242,
48.0000,0.0000,-33.7500,5.6760,
96.0000,0.0000,-2.2500,5.0580,
99.0000,0.0000,-4.5000,12.7779,
102.0000,0.0000,-6.7500,4.5663,
105.0000,0.0000,-9.0000,2.6934,
108.0000,0.0000,-11.2500,1.7192,
111.0000,0.0000,-13.5000,4.6730,
114.0000,0.0000,-15.7500,8.0406,
117.0000,0.0000,-18.0000,7.3722,
120.0000,0.0000,-20.2500,7.3694,
123.0000,0.0000,-22.5000,6.8584,
126.0000,0.0000,-24.7500,4.3537,
129.0000,0.0000,-27.0000,4.2564,
132.0000,0.0000,-29.2500,3.9928,
135.0000,0.0000,-31.5000,3.3123,
96.0000,0.0000,0.0000,
93.0000,0.0000,-2.2500,5.8415,
90.0000,0.0000,-4.5000,11.5828,
84.0000,0.0000,-9.0000,3.0551,
81.0000,0.0000,-11.2500,2.9112,
78.0000,0.0000,-13.5000,3.3523,
75.0000,0.0000,-15.7500,2.9361,
72.0000,0.0000,-18.0000,2.7742,
69.0000,0.0000,-20.2500,1.9215,
66.0000,0.0000,-22.5000,1.2043,
63.0000,0.0000,-24.7500,0.3796,
60.0000,0.0000,-27.0000,0.6241,
57.0000,0.0000,-29.2500,1.7043,
54.0000,0.0000,-31.5000,3.8538,
51.0000,0.0000,-33.7500,3.8310,
48.0000,0.0000,-36.0000,4.3775,
99.0000,0.0000,-2.2500,62.4703,
102.0000,0.0000,-4.5000,9.7951,
105.0000,0.0000,-6.7500,3.0482,
108.0000,0.0000,-9.0000,1.9668,
111.0000,0.0000,-11.2500,4.9902,
114.0000,0.0000,-13.5000,7.8234,
117.0000,0.0000,-15.7500,7.3153,
120.0000,0.0000,-18.0000,6.8412,
123.0000,0.0000,-20.2500,6.4669,
126.0000,0.0000,-22.5000,4.1162,
129.0000,0.0000,-24.7500,3.8856,
132.0000,0.0000,-27.0000,3.6114,
135.0000,0.0000,-29.2500,3.0555,
138.0000,0.0000,-31.5000,2.9088,
99.0000,0.0000,0.0000,
96.0000,0.0000,-2.2500,57.4660,
90.0000,0.0000,-6.7500,14.0688,
84.0000,0.0000,-11.2500,3.9954,
81.0000,0.0000,-13.5000,3.9118,
78.0000,0.0000,-15.7500,3.5436,
75.0000,0.0000,-18.0000,3.5098,
72.0000,0.0000,-20.2500,3.1232,
69.0000,0.0000,-22.5000,2.1187,
66.0000,0.0000,-24.7500,1.2922,
63.0000,0.0000,-27.0000,0.3760,
60.0000,0.0000,-29.2500,0.6302,
57.0000,0.0000,-31.5000,1.9507,
54.0000,0.0000,-33.7500,4.4922,
51.0000,0.0000,-36.0000,4.3074,
102.0000,0.0000,-2.2500,27.6549,
105.0000,0.0000,-4.5000,5.2153,
108.0000,0.0000,-6.7500,1.5028,
111.0000,0.0000,-9.0000,3.9261,
114.0000,0.0000,-11.2500,8.5928,
117.0000,0.0000,-13.5000,8.0518,
120.0000,0.0000,-15.7500,7.5252,
123.0000,0.0000,-18.0000,7.3033,
126.0000,0.0000,-20.2500,4.5436,
129.0000,0.0000,-22.5000,4.2199,
132.0000,0.0000,-24.7500,3.9489,
135.0000,0.0000,-27.0000,3.3004,
138.0000,0.0000,-29.2500,3.2232,
102.0000,0.0000,0.0000,
99.0000,0.0000,-2.2500,25.2517,
96.0000,0.0000,-4.5000,8.0517,
93.0000,0.0000,-6.7500,6.2315,
90.0000,0.0000,-9.0000,7.0678,
84.0000,0.0000,-13.5000,2.4520,
81.0000,0.0000,-15.7500,2.4221,
78.0000,0.0000,-18.0000,1.6881,
75.0000,0.0000,-20.2500,2.5927,
72.0000,0.0000,-22.5000,2.2353,
69.0000,0.0000,-24.7500,2.2784,
66.0000,0.0000,-27.0000,1.9708,
63.0000,0.0000,-29.2500,1.6644,
60.0000,0.0000,-31.5000,1.7179,
57.0000,0.0000,-33.7500,2.0764,
54.0000,0.0000,-36.0000,3.0294,
51.0000,0.0000,-38.2500,2.1249,
105.0000,0.0000,-2.2500,9.6054,
108.0000,0.0000,-4.5000,1.0006,
111.0000,0.0000,-6.7500,2.6453,
114.0000,0.0000,-9.0000,5.7248,
117.0000,0.0000,-11.2500,5.1761,
120.0000,0.0000,-13.5000,4.8379,
123.0000,0.0000,-15.7500,4.7365,
126.0000,0.0000,-18.0000,3.0744,
129.0000,0.0000,-20.2500,2.9147,
132.0000,0.0000,-22.5000,2.5863,
135.0000,0.0000,-24.7500,2.2006,
138.0000,0.0000,-27.0000,2.1823,
141.0000,0.0000,-29.2500,1.9329,
105.0000,0.0000,0.0000,
102.0000,0.0000,-2.2500,7.4398,
99.0000,0.0000,-4.5000,5.4471,
93.0000,0.0000,-9.0000,5.7317,
90.0000,0.0000,-11.2500,5.9108,
84.0000,0.0000,-15.7500,2.4471,
81.0000,0.0000,-18.0000,2.0325,
78.0000,0.0000,-20.2500,1.8750,
75.0000,0.0000,-22.5000,2.4329,
72.0000,0.0000,-24.7500,2.5579,
69.0000,0.0000,-27.0000,2.5953,
66.0000,0.0000,-29.2500,2.4065,
63.0000,0.0000,-31.5000,2.1718,
60.0000,0.0000,-33.7500,2.1344,
57.0000,0.0000,-36.0000,2.5865,
54.0000,0.0000,-38.2500,3.1876,
108.0000,0.0000,-2.2500,7.0804,
111.0000,0.0000,-4.5000,3.0975,
114.0000,0.0000,-6.7500,5.6547,
117.0000,0.0000,-9.0000,5.9651,
120.0000,0.0000,-11.2500,5.7162,
123.0000,0.0000,-13.5000,5.3481,
126.0000,0.0000,-15.7500,3.2663,
129.0000,0.0000,-18.0000,3.0057,
132.0000,0.0000,-20.2500,2.6841,
135.0000,0.0000,-22.5000,2.2504,
138.0000,0.0000,-24.7500,2.1272,
141.0000,0.0000,-27.0000,1.7661,
108.0000,0.0000,0.0000,
105.0000,0.0000,-2.2500,7.9674,
102.0000,0.0000,-4.5000,1.9161,
99.0000,0.0000,-6.7500,3.4757,
96.0000,0.0000,-9.0000,4.5222,
93.0000,0.0000,-11.2500,4.4859,
90.0000,0.0000,-13.5000,4.5893,
84.0000,0.0000,-18.0000,2.0081,
81.0000,0.0000,-20.2500,1.7699,
78.0000,0.0000,-22.5000,1.8774,
75.0000,0.0000,-24.7500,2.5163,
72.0000,0.0000,-27.0000,2.6616,
69.0000,0.0000,-29.2500,2.7556,
66.0000,0.0000,-31.5000,2.5447,
63.0000,0.0000,-33.7500,2.2960,
60.0000,0.0000,-36.0000,2.3234,
57.0000,0.0000,-38.2500,2.5450,
54.0000,0.0000,-40.5000,2.6107,
111.0000,0.0000,-2.2500,13.2683,
114.0000,0.0000,-4.5000,7.1188,
117.0000,0.0000,-6.7500,7.2540,
120.0000,0.0000,-9.0000,6.8151,
123.0000,0.0000,-11.2500,6.4437,
126.0000,0.0000,-13.5000,3.6912,
129.0000,0.0000,-15.7500,3.4083,
132.0000,0.0000,-18.0000,2.9937,
135.0000,0.0000,-20.2500,2.4584,
138.0000,0.0000,-22.5000,2.2538,
141.0000,0.0000,-24.7500,1.9119,
144.0000,0.0000,-27.0000,1.4859,
111.0000,0.0000,0.0000,
108.0000,0.0000,-2.2500,14.9517,
105.0000,0.0000,-4.5000,2.9975,
102.0000,0.0000,-6.7500,2.2362,
96.0000,0.0000,-11.2500,5.8877,
93.0000,0.0000,-13.5000,5.5229,
90.0000,0.0000,-15.7500,6.0950,
84.0000,0.0000,-20.2500,2.6339,
81.0000,0.0000,-22.5000,2.1321,
78.0000,0.0000,-24.7500,2.1076,
75.0000,0.0000,-27.0000,2.8458,
72.0000,0.0000,-29.2500,2.7613,
69.0000,0.0000,-31.5000,2.7333,
66.0000,0.0000,-33.7500,2.4790,
63.0000,0.0000,-36.0000,2.0980,
60.0000,0.0000,-38.2500,2.2604,
57.0000,0.0000,-40.5000,2.7496,
114.0000,0.0000,-2.2500,11.3950,
117.0000,0.0000,-4.5000,9.3016,
120.0000,0.0000,-6.7500,11.2933,
123.0000,0.0000,-9.0000,11.0984,
126.0000,0.0000,-11.2500,5.8657,
129.0000,0.0000,-13.5000,5.7113,
132.0000,0.0000,-15.7500,4.8176,
135.0000,0.0000,-18.0000,3.7187,
138.0000,0.0000,-20.2500,3.5144,
141.0000,0.0000,-22.5000,3.0812,
144.0000,0.0000,-24.7500,2.3440,
114.0000,0.0000,0.0000,
111.0000,0.0000,-2.2500,13.2950,
108.0000,0.0000,-4.5000,7.2826,
105.0000,0.0000,-6.7500,3.8369,
102.0000,0.0000,-9.0000,2.5468,
99.0000,0.0000,-11.2500,8.7166,
96.0000,0.0000,-13.5000,8.1077,
93.0000,0.0000,-15.7500,8.0881,
90.0000,0.0000,-18.0000,9.1223,
84.0000,0.0000,-22.5000,2.7261,
81.0000,0.0000,-24.7500,2.2551,
78.0000,0.0000,-27.0000,1.8553,
75.0000,0.0000,-29.2500,2.9070,
72.0000,0.0000,-31.5000,2.8734,
69.0000,0.0000,-33.7500,2.9753,
66.0000,0.0000,-36.0000,2.6575,
63.0000,0.0000,-38.2500,2.0541,
60.0000,0.0000,-40.5000,2.2571,
57.0000,0.0000,-42.7500,3.0464,
117.0000,0.0000,-2.2500,11.9445,
120.0000,0.0000,-4.5000,18.4656,
123.0000,0.0000,-6.7500,18.7608,
126.0000,0.0000,-9.0000,9.8088,
129.0000,0.0000,-11.2500,9.4824,
132.0000,0.0000,-13.5000,8.2557,
135.0000,0.0000,-15.7500,6.1947,
138.0000,0.0000,-18.0000,5.4629,
141.0000,0.0000,-20.2500,4.4770,
144.0000,0.0000,-22.5000,3.8564,
147.0000,0.0000,-24.7500,3.0628,
117.0000,0.0000,0.0000,
114.0000,0.0000,-2.2500,16.0925,
111.0000,0.0000,-4.5000,11.5351,
108.0000,0.0000,-6.7500,4.4859,
105.0000,0.0000,-9.0000,3.2324,
99.0000,0.0000,-13.5000,8.1072,
96.0000,0.0000,-15.7500,6.8834,
93.0000,0.0000,-18.0000,7.6523,
90.0000,0.0000,-20.2500,8.9329,
84.0000,0.0000,-24.7500,2.8514,
81.0000,0.0000,-27.0000,2.1365,
78.0000,0.0000,-29.2500,1.8740,
75.0000,0.0000,-31.5000,3.0008,
72.0000,0.0000,-33.7500,2.9250,
69.0000,0.0000,-36.0000,2.9757,
66.0000,0.0000,-38.2500,2.7235,
63.0000,0.0000,-40.5000,2.0710,
60.0000,0.0000,-42.7500,2.2115,
120.0000,0.0000,-2.2500,16.5115,
123.0000,0.0000,-4.5000,23.6627,
126.0000,0.0000,-6.7500,11.5317,
129.0000,0.0000,-9.0000,11.1510,
132.0000,0.0000,-11.2500,9.8885,
135.0000,0.0000,-13.5000,7.4814,
138.0000,0.0000,-15.7500,6.3817,
141.0000,0.0000,-18.0000,5.2815,
144.0000,0.0000,-20.2500,4.4097,
147.0000,0.0000,-22.5000,3.4551,
120.0000,0.0000,0.0000,
117.0000,0.0000,-2.2500,18.7473,
114.0000,0.0000,-4.5000,19.8237,
111.0000,0.0000,-6.7500,11.0466,
108.0000,0.0000,-9.0000,4.4729,
105.0000,0.0000,-11.2500,2.8742,
102.0000,0.0000,-13.5000,4.4590,
99.0000,0.0000,-15.7500,7.4169,
96.0000,0.0000,-18.0000,6.4802,
93.0000,0.0000,-20.2500,7.4345,
90.0000,0.0000,-22.5000,8.2923,
84.0000,0.0000,-27.0000,2.7740,
81.0000,0.0000,-29.2500,2.1816,
78.0000,0.0000,-31.5000,2.4073,
75.0000,0.0000,-33.7500,3.4482,
72.0000,0.0000,-36.0000,3.5239,
69.0000,0.0000,-38.2500,3.5962,
66.0000,0.0000,-40.5000,3.1978,
63.0000,0.0000,-42.7500,2.6962,
60.0000,0.0000,-45.0000,2.5062,
123.0000,0.0000,-2.2500,27.7758,
126.0000,0.0000,-4.5000,10.3176,
129.0000,0.0000,-6.7500,11.1286,
132.0000,0.0000,-9.0000,10.0714,
135.0000,0.0000,-11.2500,8.0673,
138.0000,0.0000,-13.5000,7.0564,
141.0000,0.0000,-15.7500,5.5585,
144.0000,0.0000,-18.0000,4.5560,
147.0000,0.0000,-20.2500,3.4009,
150.0000,0.0000,-22.5000,3.2327,
123.0000,0.0000,0.0000,
120.0000,0.0000,-2.2500,20.2476,
117.0000,0.0000,-4.5000,22.9562,
114.0000,0.0000,-6.7500,19.4030,
111.0000,0.0000,-9.0000,8.8046,
108.0000,0.0000,-11.2500,3.8271,
102.0000,0.0000,-15.7500,4.2446,
99.0000,0.0000,-18.0000,6.4193,
96.0000,0.0000,-20.2500,6.1244,
93.0000,0.0000,-22.5000,7.4072,
90.0000,0.0000,-24.7500,7.6171,
84.0000,0.0000,-29.2500,2.6906,
81.0000,0.0000,-31.5000,2.2149,
78.0000,0.0000,-33.7500,2.4596,
75.0000,0.0000,-36.0000,3.7263,
72.0000,0.0000,-38.2500,3.4863,
69.0000,0.0000,-40.5000,3.6199,
66.0000,0.0000,-42.7500,3.1852,
63.0000,0.0000,-45.0000,2.7118,
126.0000,0.0000,-2.2500,7.6423,
129.0000,0.0000,-4.5000,10.4334,
132.0000,0.0000,-6.7500,9.8151,
135.0000,0.0000,-9.0000,8.3243,
138.0000,0.0000,-11.2500,7.6114,
141.0000,0.0000,-13.5000,5.7747,
144.0000,0.0000,-15.7500,4.7991,
147.0000,0.0000,-18.0000,3.4309,
150.0000,0.0000,-20.2500,3.2061,
126.0000,0.0000,0.0000,
123.0000,0.0000,-2.2500,7.7828,
120.0000,0.0000,-4.5000,9.5637,
117.0000,0.0000,-6.7500,12.8025,
114.0000,0.0000,-9.0000,11.4396,
111.0000,0.0000,-11.2500,4.2924,
108.0000,0.0000,-13.5000,3.5443,
105.0000,0.0000,-15.7500,34.4862,
102.0000,0.0000,-18.0000,4.1711,
99.0000,0.0000,-20.2500,7.5144,
96.0000,0.0000,-22.5000,7.8538,
93.0000,0.0000,-24.7500,5.4096,
90.0000,0.0000,-27.0000,4.9297,
84.0000,0.0000,-31.5000,2.7624,
81.0000,0.0000,-33.7500,3.2619,
78.0000,0.0000,-36.0000,3.3181,
75.0000,0.0000,-38.2500,4.8034,
72.0000,0.0000,-40.5000,4.2052,
69.0000,0.0000,-42.7500,4.3375,
66.0000,0.0000,-45.0000,4.1008,
63.0000,0.0000,-47.2500,2.7486,
129.0000,0.0000,-2.2500,22.2505,
132.0000,0.0000,-4.5000,9.1937,
135.0000,0.0000,-6.7500,10.2908,
138.0000,0.0000,-9.0000,14.5363,
141.0000,0.0000,-11.2500,9.4586,
144.0000,0.0000,-13.5000,5.1781,
147.0000,0.0000,-15.7500,3.5971,
150.0000,0.0000,-18.0000,3.1186,
153.0000,0.0000,-20.2500,2.7030,
129.0000,0.0000,0.0000,
126.0000,0.0000,-2.2500,22.6547,
123.0000,0.0000,-4.5000,8.3677,
120.0000,0.0000,-6.7500,11.4728,
117.0000,0.0000,-9.0000,11.1457,
114.0000,0.0000,-11.2500,8.6781,
111.0000,0.0000,-13.5000,3.9107,
105.0000,0.0000,-18.0000,3.4756,
102.0000,0.0000,-20.2500,1.2357,
99.0000,0.0000,-22.5000,4.2547,
96.0000,0.0000,-24.7500,4.5257,
93.0000,0.0000,-27.0000,5.2401,
90.0000,0.0000,-29.2500,5.4650,
84.0000,0.0000,-33.7500,2.2280,
81.0000,0.0000,-36.0000,3.1600,
78.0000,0.0000,-38.2500,3.4544,
75.0000,0.0000,-40.5000,6.1628,
72.0000,0.0000,-42.7500,4.0893,
69.0000,0.0000,-45.0000,4.4150,
66.0000,0.0000,-47.2500,3.9505,
132.0000,0.0000,-2.2500,12.1905,
135.0000,0.0000,-4.5000,9.2637,
138.0000,0.0000,-6.7500,10.6169,
141.0000,0.0000,-9.0000,9.1199,
144.0000,0.0000,-11.2500,6.1747,
147.0000,0.0000,-13.5000,4.0551,
150.0000,0.0000,-15.7500,3.3922,
153.0000,0.0000,-18.0000,2.8274,
132.0000,0.0000,0.0000,
129.0000,0.0000,-2.2500,12.1834,
126.0000,0.0000,-4.5000,10.0873,
123.0000,0.0000,-6.7500,8.2673,
120.0000,0.0000,-9.0000,10.6522,
117.0000,0.0000,-11.2500,9.9806,
114.0000,0.0000,-13.5000,7.6049,
111.0000,0.0000,-15.7500,3.1858,
108.0000,0.0000,-18.0000,2.5877,
105.0000,0.0000,-20.2500,3.1237,
102.0000,0.0000,-22.5000,2.3448,
99.0000,0.0000,-24.7500,4.4430,
96.0000,0.0000,-27.0000,4.4468,
93.0000,0.0000,-29.2500,3.7939,
90.0000,0.0000,-31.5000,4.8252,
84.0000,0.0000,-36.0000,2.4074,
81.0000,0.0000,-38.2500,2.7910,
78.0000,0.0000,-40.5000,3.0196,
75.0000,0.0000,-42.7500,4.8122,
72.0000,0.0000,-45.0000,3.8077,
69.0000,0.0000,-47.2500,3.8846,
66.0000,0.0000,-49.5000,1.8862,
135.0000,0.0000,-2.2500,10.6720,
138.0000,0.0000,-4.5000,12.1014,
141.0000,0.0000,-6.7500,10.9776,
144.0000,0.0000,-9.0000,8.1545,
147.0000,0.0000,-11.2500,5.3761,
150.0000,0.0000,-13.5000,4.7105,
153.0000,0.0000,-15.7500,4.3100,
156.0000,0.0000,-18.0000,4.0542,
135.0000,0.0000,0.0000,
132.0000,0.0000,-2.2500,11.6153,
129.0000,0.0000,-4.5000,9.9550,
126.0000,0.0000,-6.7500,8.0323,
123.0000,0.0000,-9.0000,8.1118,
120.0000,0.0000,-11.2500,8.3444,
117.0000,0.0000,-13.5000,7.1374,
114.0000,0.0000,-15.7500,5.7860,
108.0000,0.0000,-20.2500,2.2839,
105.0000,0.0000,-22.5000,2.0802,
102.0000,0.0000,-24.7500,2.1891,
99.0000,0.0000,-27.0000,3.7744,
96.0000,0.0000,-29.2500,3.5535,
93.0000,0.0000,-31.5000,3.8931,
90.0000,0.0000,-33.7500,4.2265,
84.0000,0.0000,-38.2500,2.9003,
81.0000,0.0000,-40.5000,3.0059,
78.0000,0.0000,-42.7500,3.1462,
75.0000,0.0000,-45.0000,3.6770,
72.0000,0.0000,-47.2500,3.6640,
69.0000,0.0000,-49.5000,3.7548,
138.0000,0.0000,-2.2500,13.4107,
141.0000,0.0000,-4.5000,12.7038,
144.0000,0.0000,-6.7500,10.1428,
147.0000,0.0000,-9.0000,6.7307,
150.0000,0.0000,-11.2500,5.8127,
153.0000,0.0000,-13.5000,5.1436,
156.0000,0.0000,-15.7500,5.0232,
138.0000,0.0000,0.0000,
135.0000,0.0000,-2.2500,13.2427,
132.0000,0.0000,-4.5000,11.6359,
129.0000,0.0000,-6.7500,9.1153,
126.0000,0.0000,-9.0000,7.4259,
123.0000,0.0000,-11.2500,7.7853,
120.0000,0.0000,-13.5000,7.2857,
117.0000,0.0000,-15.7500,6.3313,
114.0000,0.0000,-18.0000,4.9508,
111.0000,0.0000,-20.2500,3.3482,
108.0000,0.0000,-22.5000,2.1516,
105.0000,0.0000,-24.7500,2.8050,
102.0000,0.0000,-27.0000,2.3708,
99.0000,0.0000,-29.2500,3.6801,
96.0000,0.0000,-31.5000,3.0508,
93.0000,0.0000,-33.7500,4.0030,
90.0000,0.0000,-36.0000,4.6436,
84.0000,0.0000,-40.5000,3.4556,
81.0000,0.0000,-42.7500,3.9068,
78.0000,0.0000,-45.0000,3.8037,
75.0000,0.0000,-47.2500,4.8589,
72.0000,0.0000,-49.5000,4.0242,
69.0000,0.0000,-51.7500,3.0910,
141.0000,0.0000,-2.2500,15.2805,
144.0000,0.0000,-4.5000,13.2202,
147.0000,0.0000,-6.7500,8.8563,
150.0000,0.0000,-9.0000,7.1946,
153.0000,0.0000,-11.2500,6.4509,
156.0000,0.0000,-13.5000,5.9041,
159.0000,0.0000,-15.7500,5.4160,
141.0000,0.0000,0.0000,
138.0000,0.0000,-2.2500,16.7589,
135.0000,0.0000,-4.5000,11.2774,
132.0000,0.0000,-6.7500,9.5733,
129.0000,0.0000,-9.0000,7.3492,
126.0000,0.0000,-11.2500,6.8036,
123.0000,0.0000,-13.5000,5.1798,
120.0000,0.0000,-15.7500,5.2504,
117.0000,0.0000,-18.0000,4.7886,
111.0000,0.0000,-22.5000,2.2400,
108.0000,0.0000,-24.7500,0.5340,
105.0000,0.0000,-27.0000,3.8925,
102.0000,0.0000,-29.2500,2.4148,
99.0000,0.0000,-31.5000,3.4033,
96.0000,0.0000,-33.7500,3.4801,
93.0000,0.0000,-36.0000,4.3837,
90.0000,0.0000,-38.2500,5.0215,
84.0000,0.0000,-42.7500,4.5275,
81.0000,0.0000,-45.0000,6.0209,
78.0000,0.0000,-47.2500,5.3005,
75.0000,0.0000,-49.5000,8.1097,
72.0000,0.0000,-51.7500,5.3052,
144.0000,0.0000,-2.2500,13.7832,
147.0000,0.0000,-4.5000,9.8071,
150.0000,0.0000,-6.7500,7.7634,
153.0000,0.0000,-9.0000,7.1862,
156.0000,0.0000,-11.2500,6.3334,
159.0000,0.0000,-13.5000,5.4989,
144.0000,0.0000,0.0000,
141.0000,0.0000,-2.2500,13.8103,
138.0000,0.0000,-4.5000,12.4967,
135.0000,0.0000,-6.7500,9.5005,
132.0000,0.0000,-9.0000,7.7461,
129.0000,0.0000,-11.2500,6.0218,
126.0000,0.0000,-13.5000,5.8790,
123.0000,0.0000,-15.7500,5.2428,
120.0000,0.0000,-18.0000,4.7406,
117.0000,0.0000,-20.2500,4.1016,
114.0000,0.0000,-22.5000,4.2484,
111.0000,0.0000,-24.7500,2.6396,
108.0000,0.0000,-27.0000,2.0638,
105.0000,0.0000,-29.2500,2.9351,
102.0000,0.0000,-31.5000,2.4742,
99.0000,0.0000,-33.7500,2.9174,
96.0000,0.0000,-36.0000,3.5708,
93.0000,0.0000,-38.2500,4.4039,
90.0000,0.0000,-40.5000,5.1997,
84.0000,0.0000,-45.0000,4.4056,
81.0000,0.0000,-47.2500,5.0002,
78.0000,0.0000,-49.5000,4.8617,
75.0000,0.0000,-51.7500,6.2254,
72.0000,0.0000,-54.0000,3.5627,
147.0000,0.0000,-2.2500,12.0094,
150.0000,0.0000,-4.5000,9.9434,
153.0000,0.0000,-6.7500,9.3178,
156.0000,0.0000,-9.0000,8.5038,
159.0000,0.0000,-11.2500,7.5781,
162.0000,0.0000,-13.5000,6.2787,
147.0000,0.0000,0.0000,
144.0000,0.0000,-2.2500,12.2098,
141.0000,0.0000,-4.5000,10.7220,
138.0000,0.0000,-6.7500,9.3290,
135.0000,0.0000,-9.0000,6.8437,
132.0000,0.0000,-11.2500,5.6222,
129.0000,0.0000,-13.5000,4.9742,
126.0000,0.0000,-15.7500,3.8748,
123.0000,0.0000,-18.0000,3.6342,
120.0000,0.0000,-20.2500,3.3785,
114.0000,0.0000,-24.7500,2.9199,
111.0000,0.0000,-27.0000,1.4454,
108.0000,0.0000,-29.2500,1.4935,
105.0000,0.0000,-31.5000,2.3422,
102.0000,0.0000,-33.7500,1.6889,
99.0000,0.0000,-36.0000,2.4745,
96.0000,0.0000,-38.2500,2.6701,
93.0000,0.0000,-40.5000,3.1097,
90.0000,0.0000,-42.7500,3.7118,
84.0000,0.0000,-47.2500,2.9624,
81.0000,0.0000,-49.5000,3.1264,
78.0000,0.0000,-51.7500,2.9368,
75.0000,0.0000,-54.0000,3.9598,
150.0000,0.0000,-2.2500,10.3884,
153.0000,0.0000,-4.5000,10.8818,
156.0000,0.0000,-6.7500,10.3454,
159.0000,0.0000,-9.0000,8.9458,
162.0000,0.0000,-11.2500,7.6107,
150.0000,0.0000,0.0000,
147.0000,0.0000,-2.2500,10.9146,
144.0000,0.0000,-4.5000,10.3471,
141.0000,0.0000,-6.7500,8.7527,
138.0000,0.0000,-9.0000,7.7499,
135.0000,0.0000,-11.2500,5.7224,
132.0000,0.0000,-13.5000,4.9999,
129.0000,0.0000,-15.7500,4.6933,
126.0000,0.0000,-18.0000,4.0002,
123.0000,0.0000,-20.2500,3.6325,
120.0000,0.0000,-22.5000,3.3934,
117.0000,0.0000,-24.7500,3.6856,
114.0000,0.0000,-27.0000,3.4576,
111.0000,0.0000,-29.2500,2.6305,
108.0000,0.0000,-31.5000,2.3133,
105.0000,0.0000,-33.7500,2.6296,
102.0000,0.0000,-36.0000,3.0008,
99.0000,0.0000,-38.2500,3.9583,
96.0000,0.0000,-40.5000,4.5853,
93.0000,0.0000,-42.7500,5.2125,
90.0000,0.0000,-45.0000,5.6832,
84.0000,0.0000,-49.5000,5.2205,
81.0000,0.0000,-51.7500,5.7182,
78.0000,0.0000,-54.0000,5.7335,
75.0000,0.0000,-56.2500,6.0676,
153.0000,0.0000,-2.2500,15.1514,
156.0000,0.0000,-4.5000,14.3502,
159.0000,0.0000,-6.7500,12.7680,
162.0000,0.0000,-9.0000,10.5840,
165.0000,0.0000,-11.2500,8.5401,
153.0000,0.0000,0.0000,
150.0000,0.0000,-2.2500,17.2644,
147.0000,0.0000,-4.5000,11.3118,
144.0000,0.0000,-6.7500,9.7551,
141.0000,0.0000,-9.0000,7.9458,
138.0000,0.0000,-11.2500,6.8279,
135.0000,0.0000,-13.5000,5.0756,
132.0000,0.0000,-15.7500,5.0143,
129.0000,0.0000,-18.0000,4.0107,
126.0000,0.0000,-20.2500,3.7220,
123.0000,0.0000,-22.5000,3.6154,
117.0000,0.0000,-27.0000,3.6006,
114.0000,0.0000,-29.2500,3.2005,
111.0000,0.0000,-31.5000,2.9641,
108.0000,0.0000,-33.7500,2.7363,
105.0000,0.0000,-36.0000,3.7656,
102.0000,0.0000,-38.2500,3.7390,
99.0000,0.0000,-40.5000,4.7510,
96.0000,0.0000,-42.7500,5.3519,
93.0000,0.0000,-45.0000,5.9948,
90.0000,0.0000,-47.2500,6.5446,
84.0000,0.0000,-51.7500,6.0838,
81.0000,0.0000,-54.0000,6.9802,
78.0000,0.0000,-56.2500,7.1315,
156.0000,0.0000,-2.2500,14.6613,
159.0000,0.0000,-4.5000,14.5394,
162.0000,0.0000,-6.7500,12.3202,
165.0000,0.0000,-9.0000,10.4654,
156.0000,0.0000,0.0000,
153.0000,0.0000,-2.2500,14.7896,
150.0000,0.0000,-4.5000,14.8412,
147.0000,0.0000,-6.7500,9.8384,
144.0000,0.0000,-9.0000,8.4399,
141.0000,0.0000,-11.2500,6.9732,
138.0000,0.0000,-13.5000,5.7397,
135.0000,0.0000,-15.7500,4.2837,
132.0000,0.0000,-18.0000,4.7430,
129.0000,0.0000,-20.2500,3.9342,
126.0000,0.0000,-22.5000,3.0488,
123.0000,0.0000,-24.7500,2.6886,
120.0000,0.0000,-27.0000,3.2231,
117.0000,0.0000,-29.2500,3.1736,
114.0000,0.0000,-31.5000,2.9710,
111.0000,0.0000,-33.7500,1.9714,
108.0000,0.0000,-36.0000,1.4988,
105.0000,0.0000,-38.2500,1.1520,
102.0000,0.0000,-40.5000,1.1044,
99.0000,0.0000,-42.7500,2.0303,
96.0000,0.0000,-45.0000,1.9766,
93.0000,0.0000,-47.2500,2.4953,
90.0000,0.0000,-49.5000,3.0582,
84.0000,0.0000,-54.0000,1.8879,
81.0000,0.0000,-56.2500,1.9899,
78.0000,0.0000,-58.5000,0.5561,
159.0000,0.0000,-2.2500,13.9118,
162.0000,0.0000,-4.5000,14.0300,
165.0000,0.0000,-6.7500,12.3126,
168.0000,0.0000,-9.0000,12.5393,
159.0000,0.0000,0.0000,
156.0000,0.0000,-2.2500,14.0969,
153.0000,0.0000,-4.5000,14.8942,
150.0000,0.0000,-6.7500,12.6828,
147.0000,0.0000,-9.0000,8.7074,
144.0000,0.0000,-11.2500,7.5089,
141.0000,0.0000,-13.5000,6.1960,
138.0000,0.0000,-15.7500,5.2393,
135.0000,0.0000,-18.0000,4.6296,
132.0000,0.0000,-20.2500,4.5383,
129.0000,0.0000,-22.5000,3.6020,
126.0000,0.0000,-24.7500,3.1145,
120.0000,0.0000,-29.2500,3.5400,
117.0000,0.0000,-31.5000,3.1487,
114.0000,0.0000,-33.7500,3.4995,
111.0000,0.0000,-36.0000,2.6023,
108.0000,0.0000,-38.2500,2.1524,
105.0000,0.0000,-40.5000,2.2967,
102.0000,0.0000,-42.7500,2.4540,
99.0000,0.0000,-45.0000,3.2644,
96.0000,0.0000,-47.2500,3.5328,
93.0000,0.0000,-49.5000,3.9302,
90.0000,0.0000,-51.7500,4.4887,
84.0000,0.0000,-56.2500,3.6944,
81.0000,0.0000,-58.5000,3.8293,
162.0000,0.0000,-2.2500,13.6993,
165.0000,0.0000,-4.5000,13.4418,
168.0000,0.0000,-6.7500,15.6692,
162.0000,0.0000,0.0000,
159.0000,0.0000,-2.2500,16.1517,
156.0000,0.0000,-4.5000,13.2326,
153.0000,0.0000,-6.7500,10.8456,
150.0000,0.0000,-9.0000,8.3762,
147.0000,0.0000,-11.2500,6.1737,
144.0000,0.0000,-13.5000,5.9685,
141.0000,0.0000,-15.7500,7.6888,
138.0000,0.0000,-18.0000,5.5977,
135.0000,0.0000,-20.2500,3.4741,
132.0000,0.0000,-22.5000,3.3311,
129.0000,0.0000,-24.7500,3.4068,
126.0000,0.0000,-27.0000,1.3758,
123.0000,0.0000,-29.2500,2.3764,
120.0000,0.0000,-31.5000,0.7772,
117.0000,0.0000,-33.7500,1.6186,
114.0000,0.0000,-36.0000,1.0717,
111.0000,0.0000,-38.2500,0.3949,
108.0000,0.0000,-40.5000,4.9015,
105.0000,0.0000,-42.7500,2.7898,
102.0000,0.0000,-45.0000,0.5380,
99.0000,0.0000,-47.2500,0.0880,
96.0000,0.0000,-49.5000,1.4727,
93.0000,0.0000,-51.7500,0.8266,
90.0000,0.0000,-54.0000,0.4949,
84.0000,0.0000,-58.5000,5.0255,
81.0000,0.0000,-60.7500,11.2103,
165.0000,0.0000,-2.2500,10.1169,
168.0000,0.0000,-4.5000,13.9575,
171.0000,0.0000,-6.7500,13.6334,
165.0000,0.0000,0.0000,
162.0000,0.0000,-2.2500,13.5808,
159.0000,0.0000,-4.5000,15.1199,
156.0000,0.0000,-6.7500,13.5742,
153.0000,0.0000,-9.0000,10.4227,
150.0000,0.0000,-11.2500,8.4323,
147.0000,0.0000,-13.5000,5.8079,
144.0000,0.0000,-15.7500,5.1329,
141.0000,0.0000,-18.0000,4.4551,
138.0000,0.0000,-20.2500,4.4679,
135.0000,0.0000,-22.5000,3.7383,
132.0000,0.0000,-24.7500,3.5967,
129.0000,0.0000,-27.0000,3.2193,
123.0000,0.0000,-31.5000,3.2243,
120.0000,0.0000,-33.7500,3.0658,
117.0000,0.0000,-36.0000,3.6368,
114.0000,0.0000,-38.2500,3.6636,
111.0000,0.0000,-40.5000,3.0910,
108.0000,0.0000,-42.7500,3.1990,
105.0000,0.0000,-45.0000,3.9659,
102.0000,0.0000,-47.2500,4.1452,
99.0000,0.0000,-49.5000,5.0408,
96.0000,0.0000,-51.7500,5.2224,
93.0000,0.0000,-54.0000,5.5600,
90.0000,0.0000,-56.2500,5.7682,
84.0000,0.0000,-60.7500,5.6843,
168.0000,0.0000,-2.2500,14.6423,
171.0000,0.0000,-4.5000,17.7135,
168.0000,0.0000,0.0000,
165.0000,0.0000,-2.2500,14.0709,
162.0000,0.0000,-4.5000,17.3658,
159.0000,0.0000,-6.7500,15.7982,
156.0000,0.0000,-9.0000,12.5489,
153.0000,0.0000,-11.2500,9.9532,
150.0000,0.0000,-13.5000,7.8552,
147.0000,0.0000,-15.7500,5.9298,
144.0000,0.0000,-18.0000,5.7139,
141.0000,0.0000,-20.2500,4.8181,
138.0000,0.0000,-22.5000,4.5599,
135.0000,0.0000,-24.7500,3.7424,
132.0000,0.0000,-27.0000,3.6488,
129.0000,0.0000,-29.2500,3.2029,
126.0000,0.0000,-31.5000,3.2870,
123.0000,0.0000,-33.7500,3.2532,
120.0000,0.0000,-36.0000,3.4005,
117.0000,0.0000,-38.2500,3.4886,
114.0000,0.0000,-40.5000,3.4408,
111.0000,0.0000,-42.7500,2.8296,
108.0000,0.0000,-45.0000,3.6202,
105.0000,0.0000,-47.2500,5.2207,
102.0000,0.0000,-49.5000,4.9620,
99.0000,0.0000,-51.7500,5.3696,
96.0000,0.0000,-54.0000,5.4286,
93.0000,0.0000,-56.2500,5.6351,
90.0000,0.0000,-58.5000,6.0789,
84.0000,0.0000,-63.0000,3.9983,
171.0000,0.0000,-2.2500,10.7276,
174.0000,0.0000,-4.5000,15.0220,
171.0000,0.0000,0.0000,
168.0000,0.0000,-2.2500,9.6583,
165.0000,0.0000,-4.5000,16.1287,
162.0000,0.0000,-6.7500,17.0759,
159.0000,0.0000,-9.0000,14.6561,
156.0000,0.0000,-11.2500,11.0662,
153.0000,0.0000,-13.5000,8.3105,
150.0000,0.0000,-15.7500,6.5580,
147.0000,0.0000,-18.0000,4.6219,
144.0000,0.0000,-20.2500,4.1598,
141.0000,0.0000,-22.5000,4.0686,
138.0000,0.0000,-24.7500,3.7827,
135.0000,0.0000,-27.0000,3.2500,
132.0000,0.0000,-29.2500,3.2359,
126.0000,0.0000,-33.7500,2.8540,
123.0000,0.0000,-36.0000,2.8698,
120.0000,0.0000,-38.2500,3.2131,
117.0000,0.0000,-40.5000,3.3197,
114.0000,0.0000,-42.7500,3.4371,
111.0000,0.0000,-45.0000,3.2835,
108.0000,0.0000,-47.2500,3.3775,
105.0000,0.0000,-49.5000,4.1448,
102.0000,0.0000,-51.7500,4.2134,
99.0000,0.0000,-54.0000,4.6592,
96.0000,0.0000,-56.2500,4.6888,
93.0000,0.0000,-58.5000,4.5530,
90.0000,0.0000,-60.7500,4.9506,
174.0000,0.0000,-2.2500,13.4862,
174.0000,0.0000,0.0000,
171.0000,0.0000,-2.2500,11.5675,
168.0000,0.0000,-4.5000,13.3558,
165.0000,0.0000,-6.7500,16.3059,
162.0000,0.0000,-9.0000,15.2457,
159.0000,0.0000,-11.2500,12.3634,
156.0000,0.0000,-13.5000,9.2737,
153.0000,0.0000,-15.7500,6.8758,
150.0000,0.0000,-18.0000,5.5334,
147.0000,0.0000,-20.2500,3.9513,
144.0000,0.0000,-22.5000,3.7073,
141.0000,0.0000,-24.7500,3.6624,
138.0000,0.0000,-27.0000,3.4918,
135.0000,0.0000,-29.2500,3.0467,
132.0000,0.0000,-31.5000,3.0565,
129.0000,0.0000,-33.7500,2.9410,
126.0000,0.0000,-36.0000,2.8847,
123.0000,0.0000,-38.2500,3.0555,
120.0000,0.0000,-40.5000,3.0685,
117.0000,0.0000,-42.7500,3.0958,
114.0000,0.0000,-45.0000,3.5659,
111.0000,0.0000,-47.2500,3.4628,
108.0000,0.0000,-49.5000,3.8398,
105.0000,0.0000,-51.7500,4.2199,
102.0000,0.0000,-54.0000,4.3534,
99.0000,0.0000,-56.2500,4.5159,
96.0000,0.0000,-58.5000,4.4075,
93.0000,0.0000,-60.7500,4.3839,
90.0000,0.0000,-63.0000,4.6077,
177.0000,0.0000,-2.2500,9.5380,
177.0000,0.0000,0.0000,
174.0000,0.0000,-2.2500,11.2108,
171.0000,0.0000,-4.5000,11.6281,
168.0000,0.0000,-6.7500,12.1058,
165.0000,0.0000,-9.0000,12.8135,
162.0000,0.0000,-11.2500,11.5371,
159.0000,0.0000,-13.5000,9.0044,
156.0000,0.0000,-15.7500,6.8775,
153.0000,0.0000,-18.0000,5.2508,
150.0000,0.0000,-20.2500,4.2379,
147.0000,0.0000,-22.5000,3.2411,
144.0000,0.0000,-24.7500,3.2632,
141.0000,0.0000,-27.0000,3.0190,
138.0000,0.0000,-29.2500,3.0614,
135.0000,0.0000,-31.5000,2.7571,
129.0000,0.0000,-36.0000,2.2970,
126.0000,0.0000,-38.2500,2.2551,
123.0000,0.0000,-40.5000,2.6873,
120.0000,0.0000,-42.7500,2.5893,
117.0000,0.0000,-45.0000,2.8094,
114.0000,0.0000,-47.2500,3.4640,
111.0000,0.0000,-49.5000,3.7665,
108.0000,0.0000,-51.7500,4.3645,
105.0000,0.0000,-54.0000,5.1006,
102.0000,0.0000,-56.2500,4.8200,
99.0000,0.0000,-58.5000,4.8027,
96.0000,0.0000,-60.7500,4.5370,
93.0000,0.0000,-63.0000,4.7425,
90.0000,0.0000,-65.2500,5.0677,
180.0000,0.0000,0.0000,
177.0000,0.0000,-2.2500,22.7609,
174.0000,0.0000,-4.5000,15.0057,
171.0000,0.0000,-6.7500,13.1774,
168.0000,0.0000,-9.0000,12.4631,
165.0000,0.0000,-11.2500,12.0303,
162.0000,0.0000,-13.5000,10.4548,
159.0000,0.0000,-15.7500,8.4328,
156.0000,0.0000,-18.0000,6.7083,
153.0000,0.0000,-20.2500,5.5264,
150.0000,0.0000,-22.5000,4.8514,
147.0000,0.0000,-24.7500,4.1379,
144.0000,0.0000,-27.0000,4.5932,
141.0000,0.0000,-29.2500,4.7991,
138.0000,0.0000,-31.5000,4.7107,
135.0000,0.0000,-33.7500,4.5043,
132.0000,0.0000,-36.0000,5.2401,
129.0000,0.0000,-38.2500,5.4131,
126.0000,0.0000,-40.5000,5.8091,
123.0000,0.0000,-42.7500,6.3764,
120.0000,0.0000,-45.0000,7.0869,
117.0000,0.0000,-47.2500,7.7768,
114.0000,0.0000,-49.5000,8.7446,
111.0000,0.0000,-51.7500,9.1326,
108.0000,0.0000,-54.0000,9.9428,
105.0000,0.0000,-56.2500,10.8944,
102.0000,0.0000,-58.5000,11.7084,
99.0000,0.0000,-60.7500,13.0080,
96.0000,0.0000,-63.0000,14.1169,
93.0000,0.0000,-65.2500,15.5679,
90.0000,0.0000,-67.5000,16.5068,
183.0000,0.0000,0.0000,
186.0000,0.0000,0.0000,
189.0000,0.0000,0.0000,
-2500.0000,0.0000,0.0000,
0.0000,0.0000,0.0000,
