2.0000,0.0000,0.0000,
3.5000,0.0000,-1.1250,9.8437,
5.0000,0.0000,-2.2500,13.3498,
6.5000,0.0000,-3.3750,11.1152,
8.0000,0.0000,-4.5000,11.9093,
9.5000,0.0000,-5.6250,11.1130,
11.0000,0.0000,-6.7500,7.9821,
12.5000,0.0000,-7.8750,8.2720,
14.0000,0.0000,-9.0000,5.6220,
15.5000,0.0000,-10.1250,11.5664,
17.0000,0.0000,-11.2500,7.8126,
18.5000,0.0000,-12.3750,12.6765,
20.0000,0.0000,-13.5000,15.9570,
21.5000,0.0000,-14.6250,18.2955,
23.0000,0.0000,-15.7500,18.7661,
24.5000,0.0000,-16.8750,17.9777,
26.0000,0.0000,-18.0000,16.5292,
27.5000,0.0000,-19.1250,14.0766,
29.0000,0.0000,-20.2500,13.1392,
30.5000,0.0000,-21.3750,14.8823,
32.0000,0.0000,-22.5000,13.5766,
33.5000,0.0000,-23.6250,10.3744,
35.0000,0.0000,-24.7500,12.7806,
36.5000,0.0000,-25.8750,12.8518,
3.5000,0.0000,0.0000,
5.0000,0.0000,-1.1250,45.1202,
6.5000,0.0000,-2.2500,20.8903,
8.0000,0.0000,-3.3750,13.4974,
9.5000,0.0000,-4.5000,8.7301,
11.0000,0.0000,-5.6250,8.8759,
12.5000,0.0000,-6.7500,7.1445,
14.0000,0.0000,-7.8750,5.0438,
15.5000,0.0000,-9.0000,11.0403,
17.0000,0.0000,-10.1250,7.0547,
18.5000,0.0000,-11.2500,12.8101,
20.0000,0.0000,-12.3750,15.3643,
21.5000,0.0000,-13.5000,21.8157,
23.0000,0.0000,-14.6250,18.2660,
24.5000,0.0000,-15.7500,17.4591,
26.0000,0.0000,-16.8750,16.9924,
27.5000,0.0000,-18.0000,13.1263,
29.0000,0.0000,-19.1250,13.5159,
30.5000,0.0000,-20.2500,13.6341,
32.0000,0.0000,-21.3750,13.8421,
33.5000,0.0000,-22.5000,10.3304,
35.0000,0.0000,-23.6250,11.8319,
36.5000,0.0000,-24.7500,12.2852,
38.0000,0.0000,-25.8750,13.0386,
5.0000,0.0000,0.0000,
3.5000,0.0000,-1.1250,36.8962,
6.5000,0.0000,-1.1250,62.9647,
8.0000,0.0000,-2.2500,34.5878,
9.5000,0.0000,-3.3750,14.7211,
11.0000,0.0000,-4.5000,10.6458,
12.5000,0.0000,-5.6250,6.2517,
14.0000,0.0000,-6.7500,4.2695,
15.5000,0.0000,-7.8750,10.2614,
17.0000,0.0000,-9.0000,6.3742,
18.5000,0.0000,-10.1250,10.2752,
20.0000,0.0000,-11.2500,14.4504,
21.5000,0.0000,-12.3750,14.4009,
23.0000,0.0000,-13.5000,16.4411,
24.5000,0.0000,-14.6250,17.1657,
26.0000,0.0000,-15.7500,16.9712,
27.5000,0.0000,-16.8750,16.0320,
29.0000,0.0000,-18.0000,13.8637,
30.5000,0.0000,-19.1250,12.5883,
32.0000,0.0000,-20.2500,13.7040,
33.5000,0.0000,-21.3750,9.7300,
35.0000,0.0000,-22.5000,10.9841,
36.5000,0.0000,-23.6250,12.0160,
38.0000,0.0000,-24.7500,11.8921,
6.5000,0.0000,0.0000,
5.0000,0.0000,-1.1250,52.7893,
8.0000,0.0000,-1.1250,101.7165,
9.5000,0.0000,-2.2500,30.6298,
11.0000,0.0000,-3.3750,12.5272,
12.5000,0.0000,-4.5000,8.8678,
14.0000,0.0000,-5.6250,4.0129,
15.5000,0.0000,-6.7500,9.8580,
17.0000,0.0000,-7.8750,6.3004,
18.5000,0.0000,-9.0000,9.6476,
20.0000,0.0000,-10.1250,14.4741,
21.5000,0.0000,-11.2500,13.7065,
23.0000,0.0000,-12.3750,19.1208,
24.5000,0.0000,-13.5000,16.2974,
26.0000,0.0000,-14.6250,16.0931,
27.5000,0.0000,-15.7500,15.9838,
29.0000,0.0000,-16.8750,12.6698,
30.5000,0.0000,-18.0000,12.6097,
32.0000,0.0000,-19.1250,12.3118,
33.5000,0.0000,-20.2500,9.7133,
35.0000,0.0000,-21.3750,10.7098,
36.5000,0.0000,-22.5000,10.8764,
38.0000,0.0000,-23.6250,11.1305,
39.5000,0.0000,-24.7500,1.1853,
8.0000,0.0000,0.0000,
6.5000,0.0000,-1.1250,76.6017,
5.0000,0.0000,-2.2500,25.7297,
9.5000,0.0000,-1.1250,63.7315,
11.0000,0.0000,-2.2500,26.6506,
12.5000,0.0000,-3.3750,14.6646,
14.0000,0.0000,-4.5000,4.7097,
15.5000,0.0000,-5.6250,9.4739,
17.0000,0.0000,-6.7500,6.2815,
18.5000,0.0000,-7.8750,9.4271,
20.0000,0.0000,-9.0000,12.5507,
21.5000,0.0000,-10.1250,13.2815,
23.0000,0.0000,-11.2500,12.9087,
24.5000,0.0000,-12.3750,14.9035,
26.0000,0.0000,-13.5000,16.0508,
27.5000,0.0000,-14.6250,15.9669,
29.0000,0.0000,-15.7500,15.1332,
30.5000,0.0000,-16.8750,12.8828,
32.0000,0.0000,-18.0000,11.4621,
33.5000,0.0000,-19.1250,9.7007,
35.0000,0.0000,-20.2500,10.2239,
36.5000,0.0000,-21.3750,10.1316,
38.0000,0.0000,-22.5000,10.9612,
39.5000,0.0000,-23.6250,0.8928,
9.5000,0.0000,0.0000,
8.0000,0.0000,-1.1250,46.6224,
6.5000,0.0000,-2.2500,22.9941,
11.0000,0.0000,-1.1250,60.8983,
12.5000,0.0000,-2.2500,32.7460,
14.0000,0.0000,-3.3750,11.8189,
15.5000,0.0000,-4.5000,10.7909,
17.0000,0.0000,-5.6250,7.3131,
18.5000,0.0000,-6.7500,10.8122,
20.0000,0.0000,-7.8750,13.8490,
21.5000,0.0000,-9.0000,15.3512,
23.0000,0.0000,-10.1250,13.9694,
24.5000,0.0000,-11.2500,20.0109,
26.0000,0.0000,-12.3750,17.3908,
27.5000,0.0000,-13.5000,17.2323,
29.0000,0.0000,-14.6250,16.9920,
30.5000,0.0000,-15.7500,13.0058,
32.0000,0.0000,-16.8750,12.5613,
33.5000,0.0000,-18.0000,9.2250,
35.0000,0.0000,-19.1250,10.9673,
36.5000,0.0000,-20.2500,10.6676,
38.0000,0.0000,-21.3750,10.6119,
39.5000,0.0000,-22.5000,0.5229,
41.0000,0.0000,-23.6250,7.2547,
11.0000,0.0000,0.0000,
9.5000,0.0000,-1.1250,49.9968,
8.0000,0.0000,-2.2500,19.1699,
6.5000,0.0000,-3.3750,9.3305,
12.5000,0.0000,-1.1250,84.0717,
14.0000,0.0000,-2.2500,33.4487,
15.5000,0.0000,-3.3750,12.0856,
17.0000,0.0000,-4.5000,7.3750,
18.5000,0.0000,-5.6250,10.8343,
20.0000,0.0000,-6.7500,13.6327,
21.5000,0.0000,-7.8750,13.2680,
23.0000,0.0000,-9.0000,13.4719,
24.5000,0.0000,-10.1250,13.3248,
26.0000,0.0000,-11.2500,16.0591,
27.5000,0.0000,-12.3750,17.0989,
29.0000,0.0000,-13.5000,17.0321,
30.5000,0.0000,-14.6250,15.7231,
32.0000,0.0000,-15.7500,13.0157,
33.5000,0.0000,-16.8750,8.5245,
35.0000,0.0000,-18.0000,11.1038,
36.5000,0.0000,-19.1250,10.3058,
38.0000,0.0000,-20.2500,9.9735,
39.5000,0.0000,-21.3750,0.1856,
41.0000,0.0000,-22.5000,6.7249,
12.5000,0.0000,0.0000,
11.0000,0.0000,-1.1250,63.7606,
9.5000,0.0000,-2.2500,26.4216,
8.0000,0.0000,-3.3750,10.2937,
14.0000,0.0000,-1.1250,105.7985,
15.5000,0.0000,-2.2500,19.3946,
17.0000,0.0000,-3.3750,8.3105,
18.5000,0.0000,-4.5000,11.3262,
20.0000,0.0000,-5.6250,14.0794,
21.5000,0.0000,-6.7500,12.6665,
23.0000,0.0000,-7.8750,13.9072,
24.5000,0.0000,-9.0000,12.6598,
26.0000,0.0000,-10.1250,19.2327,
27.5000,0.0000,-11.2500,16.7139,
29.0000,0.0000,-12.3750,16.5654,
30.5000,0.0000,-13.5000,15.9932,
32.0000,0.0000,-14.6250,12.1062,
33.5000,0.0000,-15.7500,8.7532,
35.0000,0.0000,-16.8750,10.0236,
36.5000,0.0000,-18.0000,10.3429,
38.0000,0.0000,-19.1250,9.8524,
39.5000,0.0000,-20.2500,0.9405,
41.0000,0.0000,-21.3750,6.1309,
42.5000,0.0000,-22.5000,5.2375,
14.0000,0.0000,0.0000,
12.5000,0.0000,-1.1250,75.8717,
11.0000,0.0000,-2.2500,26.5940,
9.5000,0.0000,-3.3750,11.3418,
8.0000,0.0000,-4.5000,5.7759,
15.5000,0.0000,-1.1250,23.7381,
17.0000,0.0000,-2.2500,7.9389,
18.5000,0.0000,-3.3750,9.6883,
20.0000,0.0000,-4.5000,11.6675,
21.5000,0.0000,-5.6250,10.8006,
23.0000,0.0000,-6.7500,10.0014,
24.5000,0.0000,-7.8750,10.6151,
26.0000,0.0000,-9.0000,11.0825,
27.5000,0.0000,-10.1250,13.0211,
29.0000,0.0000,-11.2500,13.8647,
30.5000,0.0000,-12.3750,13.6068,
32.0000,0.0000,-13.5000,12.5375,
33.5000,0.0000,-14.6250,8.3295,
35.0000,0.0000,-15.7500,8.5357,
36.5000,0.0000,-16.8750,9.2466,
38.0000,0.0000,-18.0000,8.7074,
39.5000,0.0000,-19.1250,0.3576,
41.0000,0.0000,-20.2500,6.2806,
42.5000,0.0000,-21.3750,5.2110,
15.5000,0.0000,0.0000,
14.0000,0.0000,-1.1250,13.4519,
12.5000,0.0000,-2.2500,14.5096,
11.0000,0.0000,-3.3750,10.9544,
9.5000,0.0000,-4.5000,8.9629,
17.0000,0.0000,-1.1250,13.7369,
18.5000,0.0000,-2.2500,11.3552,
20.0000,0.0000,-3.3750,14.8569,
21.5000,0.0000,-4.5000,13.7082,
23.0000,0.0000,-5.6250,12.4729,
24.5000,0.0000,-6.7500,14.3335,
26.0000,0.0000,-7.8750,14.2574,
27.5000,0.0000,-9.0000,22.2509,
29.0000,0.0000,-10.1250,19.2593,
30.5000,0.0000,-11.2500,18.7329,
32.0000,0.0000,-12.3750,17.8079,
33.5000,0.0000,-13.5000,9.0610,
35.0000,0.0000,-14.6250,10.3933,
36.5000,0.0000,-15.7500,10.4356,
38.0000,0.0000,-16.8750,10.6650,
39.5000,0.0000,-18.0000,4.2386,
41.0000,0.0000,-19.1250,4.9070,
42.5000,0.0000,-20.2500,3.4326,
44.0000,0.0000,-21.3750,4.2250,
17.0000,0.0000,0.0000,
15.5000,0.0000,-1.1250,12.5039,
14.0000,0.0000,-2.2500,6.8355,
12.5000,0.0000,-3.3750,8.8988,
11.0000,0.0000,-4.5000,7.6465,
9.5000,0.0000,-5.6250,6.9718,
18.5000,0.0000,-1.1250,11.5559,
20.0000,0.0000,-2.2500,10.5530,
21.5000,0.0000,-3.3750,9.6772,
23.0000,0.0000,-4.5000,8.7334,
24.5000,0.0000,-5.6250,8.7486,
26.0000,0.0000,-6.7500,10.4087,
27.5000,0.0000,-7.8750,10.9467,
29.0000,0.0000,-9.0000,13.4179,
30.5000,0.0000,-10.1250,14.3248,
32.0000,0.0000,-11.2500,13.9847,
33.5000,0.0000,-12.3750,9.8954,
35.0000,0.0000,-13.5000,9.1597,
36.5000,0.0000,-14.6250,8.2283,
38.0000,0.0000,-15.7500,9.0087,
39.5000,0.0000,-16.8750,1.3528,
41.0000,0.0000,-18.0000,4.4853,
42.5000,0.0000,-19.1250,4.2365,
44.0000,0.0000,-20.2500,4.3788,
18.5000,0.0000,0.0000,
17.0000,0.0000,-1.1250,6.8186,
15.5000,0.0000,-2.2500,9.9898,
14.0000,0.0000,-3.3750,6.2251,
12.5000,0.0000,-4.5000,9.3396,
11.0000,0.0000,-5.6250,8.3825,
20.0000,0.0000,-1.1250,21.4881,
21.5000,0.0000,-2.2500,12.7444,
23.0000,0.0000,-3.3750,10.0711,
24.5000,0.0000,-4.5000,9.5298,
26.0000,0.0000,-5.6250,12.5337,
27.5000,0.0000,-6.7500,12.3916,
29.0000,0.0000,-7.8750,20.3396,
30.5000,0.0000,-9.0000,17.3678,
32.0000,0.0000,-10.1250,16.8599,
33.5000,0.0000,-11.2500,12.4362,
35.0000,0.0000,-12.3750,9.4976,
36.5000,0.0000,-13.5000,9.4279,
38.0000,0.0000,-14.6250,9.2122,
39.5000,0.0000,-15.7500,4.1008,
41.0000,0.0000,-16.8750,3.9673,
42.5000,0.0000,-18.0000,2.4546,
44.0000,0.0000,-19.1250,2.9200,
45.5000,0.0000,-20.2500,4.9330,
20.0000,0.0000,0.0000,
18.5000,0.0000,-1.1250,17.5933,
17.0000,0.0000,-2.2500,6.9273,
15.5000,0.0000,-3.3750,11.1597,
14.0000,0.0000,-4.5000,7.5231,
12.5000,0.0000,-5.6250,9.9991,
11.0000,0.0000,-6.7500,9.3455,
21.5000,0.0000,-1.1250,17.4851,
23.0000,0.0000,-2.2500,11.6067,
24.5000,0.0000,-3.3750,9.8853,
26.0000,0.0000,-4.5000,11.1054,
27.5000,0.0000,-5.6250,13.3364,
29.0000,0.0000,-6.7500,14.4610,
30.5000,0.0000,-7.8750,18.4377,
32.0000,0.0000,-9.0000,20.0047,
33.5000,0.0000,-10.1250,14.8859,
35.0000,0.0000,-11.2500,14.7695,
36.5000,0.0000,-12.3750,11.2162,
38.0000,0.0000,-13.5000,9.0140,
39.5000,0.0000,-14.6250,5.9537,
41.0000,0.0000,-15.7500,3.0303,
42.5000,0.0000,-16.8750,0.5522,
44.0000,0.0000,-18.0000,1.9474,
45.5000,0.0000,-19.1250,3.7333,
21.5000,0.0000,0.0000,
20.0000,0.0000,-1.1250,13.2547,
18.5000,0.0000,-2.2500,7.5968,
17.0000,0.0000,-3.3750,5.4029,
15.5000,0.0000,-4.5000,10.7105,
14.0000,0.0000,-5.6250,6.9486,
12.5000,0.0000,-6.7500,9.1367,
23.0000,0.0000,-1.1250,32.7622,
24.5000,0.0000,-2.2500,11.2363,
26.0000,0.0000,-3.3750,11.1101,
27.5000,0.0000,-4.5000,14.1676,
29.0000,0.0000,-5.6250,14.1276,
30.5000,0.0000,-6.7500,24.1885,
32.0000,0.0000,-7.8750,20.2805,
33.5000,0.0000,-9.0000,14.8985,
35.0000,0.0000,-10.1250,16.0551,
36.5000,0.0000,-11.2500,10.3370,
38.0000,0.0000,-12.3750,9.7622,
39.5000,0.0000,-13.5000,8.1341,
41.0000,0.0000,-14.6250,3.5483,
42.5000,0.0000,-15.7500,0.4960,
44.0000,0.0000,-16.8750,0.6759,
45.5000,0.0000,-18.0000,3.0748,
47.0000,0.0000,-19.1250,3.9516,
23.0000,0.0000,0.0000,
21.5000,0.0000,-1.1250,24.9803,
20.0000,0.0000,-2.2500,10.7564,
18.5000,0.0000,-3.3750,8.7676,
17.0000,0.0000,-4.5000,5.2750,
15.5000,0.0000,-5.6250,10.9349,
14.0000,0.0000,-6.7500,6.0894,
12.5000,0.0000,-7.8750,8.3152,
24.5000,0.0000,-1.1250,21.7468,
26.0000,0.0000,-2.2500,13.8236,
27.5000,0.0000,-3.3750,12.7468,
29.0000,0.0000,-4.5000,14.7807,
30.5000,0.0000,-5.6250,15.5572,
32.0000,0.0000,-6.7500,19.8113,
33.5000,0.0000,-7.8750,16.2122,
35.0000,0.0000,-9.0000,17.7654,
36.5000,0.0000,-10.1250,15.7660,
38.0000,0.0000,-11.2500,11.2440,
39.5000,0.0000,-12.3750,10.0970,
41.0000,0.0000,-13.5000,4.1269,
42.5000,0.0000,-14.6250,0.2747,
44.0000,0.0000,-15.7500,0.4938,
45.5000,0.0000,-16.8750,2.8850,
47.0000,0.0000,-18.0000,2.9315,
24.5000,0.0000,0.0000,
23.0000,0.0000,-1.1250,17.8556,
21.5000,0.0000,-2.2500,10.1141,
20.0000,0.0000,-3.3750,8.0258,
18.5000,0.0000,-4.5000,7.6222,
17.0000,0.0000,-5.6250,5.4006,
15.5000,0.0000,-6.7500,10.6737,
14.0000,0.0000,-7.8750,5.7450,
26.0000,0.0000,-1.1250,14.5625,
27.5000,0.0000,-2.2500,12.7837,
29.0000,0.0000,-3.3750,15.2002,
30.5000,0.0000,-4.5000,14.6654,
32.0000,0.0000,-5.6250,25.4204,
33.5000,0.0000,-6.7500,15.5279,
35.0000,0.0000,-7.8750,17.0427,
36.5000,0.0000,-9.0000,16.6174,
38.0000,0.0000,-10.1250,10.0178,
39.5000,0.0000,-11.2500,9.9676,
41.0000,0.0000,-12.3750,2.2761,
42.5000,0.0000,-13.5000,0.1560,
44.0000,0.0000,-14.6250,0.5955,
45.5000,0.0000,-15.7500,1.5587,
47.0000,0.0000,-16.8750,2.2196,
48.5000,0.0000,-18.0000,5.4838,
26.0000,0.0000,0.0000,
24.5000,0.0000,-1.1250,10.8075,
23.0000,0.0000,-2.2500,11.7804,
21.5000,0.0000,-3.3750,11.4569,
20.0000,0.0000,-4.5000,11.3677,
18.5000,0.0000,-5.6250,8.3593,
17.0000,0.0000,-6.7500,6.6716,
15.5000,0.0000,-7.8750,10.8598,
14.0000,0.0000,-9.0000,5.8170,
27.5000,0.0000,-1.1250,20.0987,
29.0000,0.0000,-2.2500,13.3686,
30.5000,0.0000,-3.3750,14.6794,
32.0000,0.0000,-4.5000,15.0175,
33.5000,0.0000,-5.6250,13.5300,
35.0000,0.0000,-6.7500,17.7816,
36.5000,0.0000,-7.8750,17.7595,
38.0000,0.0000,-9.0000,15.1716,
39.5000,0.0000,-10.1250,9.7142,
41.0000,0.0000,-11.2500,0.6304,
42.5000,0.0000,-12.3750,0.3860,
44.0000,0.0000,-13.5000,1.7310,
45.5000,0.0000,-14.6250,0.0261,
47.0000,0.0000,-15.7500,1.6556,
48.5000,0.0000,-16.8750,4.2441,
27.5000,0.0000,0.0000,
26.0000,0.0000,-1.1250,15.1064,
24.5000,0.0000,-2.2500,10.4763,
23.0000,0.0000,-3.3750,11.8730,
21.5000,0.0000,-4.5000,9.7426,
20.0000,0.0000,-5.6250,10.6535,
18.5000,0.0000,-6.7500,8.5558,
17.0000,0.0000,-7.8750,6.6153,
15.5000,0.0000,-9.0000,10.4703,
29.0000,0.0000,-1.1250,63.7680,
30.5000,0.0000,-2.2500,30.3808,
32.0000,0.0000,-3.3750,18.7893,
33.5000,0.0000,-4.5000,20.6588,
35.0000,0.0000,-5.6250,18.4790,
36.5000,0.0000,-6.7500,18.5553,
38.0000,0.0000,-7.8750,16.9864,
39.5000,0.0000,-9.0000,12.2901,
41.0000,0.0000,-10.1250,1.0085,
42.5000,0.0000,-11.2500,2.1015,
44.0000,0.0000,-12.3750,1.4660,
45.5000,0.0000,-13.5000,0.2117,
47.0000,0.0000,-14.6250,0.0550,
48.5000,0.0000,-15.7500,3.4103,
50.0000,0.0000,-16.8750,7.3992,
29.0000,0.0000,0.0000,
27.5000,0.0000,-1.1250,54.1257,
26.0000,0.0000,-2.2500,10.1468,
24.5000,0.0000,-3.3750,10.4282,
23.0000,0.0000,-4.5000,13.5000,
21.5000,0.0000,-5.6250,12.8597,
20.0000,0.0000,-6.7500,11.2604,
18.5000,0.0000,-7.8750,9.6661,
17.0000,0.0000,-9.0000,6.4757,
15.5000,0.0000,-10.1250,10.5548,
30.5000,0.0000,-1.1250,75.3078,
32.0000,0.0000,-2.2500,31.6103,
33.5000,0.0000,-3.3750,10.8118,
35.0000,0.0000,-4.5000,18.9986,
36.5000,0.0000,-5.6250,22.5635,
38.0000,0.0000,-6.7500,18.9019,
39.5000,0.0000,-7.8750,7.2448,
41.0000,0.0000,-9.0000,2.1084,
42.5000,0.0000,-10.1250,4.2133,
44.0000,0.0000,-11.2500,1.1469,
45.5000,0.0000,-12.3750,1.3843,
47.0000,0.0000,-13.5000,1.7677,
48.5000,0.0000,-14.6250,3.1173,
50.0000,0.0000,-15.7500,6.2881,
30.5000,0.0000,0.0000,
29.0000,0.0000,-1.1250,58.5130,
27.5000,0.0000,-2.2500,21.2748,
26.0000,0.0000,-3.3750,10.2922,
24.5000,0.0000,-4.5000,12.0624,
23.0000,0.0000,-5.6250,11.7914,
21.5000,0.0000,-6.7500,12.1249,
20.0000,0.0000,-7.8750,11.5183,
18.5000,0.0000,-9.0000,9.6966,
17.0000,0.0000,-10.1250,6.2304,
32.0000,0.0000,-1.1250,65.6883,
33.5000,0.0000,-2.2500,8.5151,
35.0000,0.0000,-3.3750,25.7853,
36.5000,0.0000,-4.5000,22.1326,
38.0000,0.0000,-5.6250,18.7038,
39.5000,0.0000,-6.7500,6.4772,
41.0000,0.0000,-7.8750,0.0044,
42.5000,0.0000,-9.0000,3.9471,
44.0000,0.0000,-10.1250,4.0806,
45.5000,0.0000,-11.2500,0.9093,
47.0000,0.0000,-12.3750,2.0514,
48.5000,0.0000,-13.5000,1.2059,
50.0000,0.0000,-14.6250,5.4177,
51.5000,0.0000,-15.7500,20.6994,
32.0000,0.0000,0.0000,
30.5000,0.0000,-1.1250,41.4210,
29.0000,0.0000,-2.2500,23.6568,
27.5000,0.0000,-3.3750,13.7236,
26.0000,0.0000,-4.5000,11.0304,
24.5000,0.0000,-5.6250,14.0307,
23.0000,0.0000,-6.7500,14.6846,
21.5000,0.0000,-7.8750,12.5103,
20.0000,0.0000,-9.0000,12.5325,
18.5000,0.0000,-10.1250,9.6627,
17.0000,0.0000,-11.2500,6.4682,
33.5000,0.0000,-1.1250,7.3653,
35.0000,0.0000,-2.2500,11.6511,
36.5000,0.0000,-3.3750,18.1416,
38.0000,0.0000,-4.5000,18.3702,
39.5000,0.0000,-5.6250,5.2830,
41.0000,0.0000,-6.7500,6.3149,
42.5000,0.0000,-7.8750,2.7518,
44.0000,0.0000,-9.0000,6.0633,
45.5000,0.0000,-10.1250,0.3140,
47.0000,0.0000,-11.2500,3.1301,
48.5000,0.0000,-12.3750,0.4663,
50.0000,0.0000,-13.5000,5.0930,
51.5000,0.0000,-14.6250,19.3822,
33.5000,0.0000,0.0000,
32.0000,0.0000,-1.1250,5.2516,
30.5000,0.0000,-2.2500,8.1997,
29.0000,0.0000,-3.3750,8.8881,
27.5000,0.0000,-4.5000,8.9361,
26.0000,0.0000,-5.6250,9.6464,
24.5000,0.0000,-6.7500,9.6116,
23.0000,0.0000,-7.8750,10.8546,
21.5000,0.0000,-9.0000,10.1229,
20.0000,0.0000,-10.1250,10.1259,
18.5000,0.0000,-11.2500,7.6242,
35.0000,0.0000,-1.1250,32.9566,
36.5000,0.0000,-2.2500,37.5126,
38.0000,0.0000,-3.3750,23.3869,
39.5000,0.0000,-4.5000,5.1518,
41.0000,0.0000,-5.6250,7.5955,
42.5000,0.0000,-6.7500,4.1355,
44.0000,0.0000,-7.8750,4.6346,
45.5000,0.0000,-9.0000,2.5835,
47.0000,0.0000,-10.1250,1.9149,
48.5000,0.0000,-11.2500,0.0409,
50.0000,0.0000,-12.3750,3.4144,
51.5000,0.0000,-13.5000,17.6892,
53.0000,0.0000,-14.6250,16.4514,
35.0000,0.0000,0.0000,
33.5000,0.0000,-1.1250,30.6315,
32.0000,0.0000,-2.2500,7.4980,
30.5000,0.0000,-3.3750,10.4316,
29.0000,0.0000,-4.5000,10.6943,
27.5000,0.0000,-5.6250,10.9229,
26.0000,0.0000,-6.7500,12.4751,
24.5000,0.0000,-7.8750,13.0525,
23.0000,0.0000,-9.0000,12.1471,
21.5000,0.0000,-10.1250,11.8285,
20.0000,0.0000,-11.2500,10.9327,
18.5000,0.0000,-12.3750,8.3714,
36.5000,0.0000,-1.1250,78.0009,
38.0000,0.0000,-2.2500,52.5436,
39.5000,0.0000,-3.3750,4.2720,
41.0000,0.0000,-4.5000,10.3898,
42.5000,0.0000,-5.6250,2.3033,
44.0000,0.0000,-6.7500,3.8638,
45.5000,0.0000,-7.8750,5.1154,
47.0000,0.0000,-9.0000,1.7076,
48.5000,0.0000,-10.1250,1.5210,
50.0000,0.0000,-11.2500,1.3927,
51.5000,0.0000,-12.3750,18.6359,
53.0000,0.0000,-13.5000,16.0515,
36.5000,0.0000,0.0000,
35.0000,0.0000,-1.1250,68.4559,
33.5000,0.0000,-2.2500,18.2054,
32.0000,0.0000,-3.3750,9.2177,
30.5000,0.0000,-4.5000,11.8447,
29.0000,0.0000,-5.6250,12.4370,
27.5000,0.0000,-6.7500,13.2393,
26.0000,0.0000,-7.8750,12.0581,
24.5000,0.0000,-9.0000,12.5235,
23.0000,0.0000,-10.1250,12.3612,
21.5000,0.0000,-11.2500,11.8931,
20.0000,0.0000,-12.3750,10.7282,
38.0000,0.0000,-1.1250,175.3224,
39.5000,0.0000,-2.2500,3.8027,
41.0000,0.0000,-3.3750,18.3596,
42.5000,0.0000,-4.5000,4.8456,
44.0000,0.0000,-5.6250,5.6803,
45.5000,0.0000,-6.7500,4.4825,
47.0000,0.0000,-7.8750,4.8937,
48.5000,0.0000,-9.0000,0.9855,
50.0000,0.0000,-10.1250,1.1151,
51.5000,0.0000,-11.2500,16.5374,
53.0000,0.0000,-12.3750,14.7137,
54.5000,0.0000,-13.5000,20.8330,
38.0000,0.0000,0.0000,
36.5000,0.0000,-1.1250,118.4726,
35.0000,0.0000,-2.2500,37.4948,
33.5000,0.0000,-3.3750,12.4622,
32.0000,0.0000,-4.5000,9.5851,
30.5000,0.0000,-5.6250,10.9085,
29.0000,0.0000,-6.7500,11.1817,
27.5000,0.0000,-7.8750,12.3193,
26.0000,0.0000,-9.0000,11.5846,
24.5000,0.0000,-10.1250,10.8801,
23.0000,0.0000,-11.2500,11.1926,
21.5000,0.0000,-12.3750,10.1310,
20.0000,0.0000,-13.5000,9.2662,
39.5000,0.0000,-1.1250,18.2421,
41.0000,0.0000,-2.2500,44.2489,
42.5000,0.0000,-3.3750,10.3757,
44.0000,0.0000,-4.5000,3.1671,
45.5000,0.0000,-5.6250,1.5688,
47.0000,0.0000,-6.7500,4.9300,
48.5000,0.0000,-7.8750,0.1661,
50.0000,0.0000,-9.0000,0.4487,
51.5000,0.0000,-10.1250,11.9936,
53.0000,0.0000,-11.2500,12.0236,
54.5000,0.0000,-12.3750,15.7053,
39.5000,0.0000,0.0000,
38.0000,0.0000,-1.1250,3.3815,
36.5000,0.0000,-2.2500,1.2063,
35.0000,0.0000,-3.3750,0.5274,
33.5000,0.0000,-4.5000,0.3034,
32.0000,0.0000,-5.6250,0.1499,
30.5000,0.0000,-6.7500,0.1675,
29.0000,0.0000,-7.8750,0.1420,
27.5000,0.0000,-9.0000,0.2518,
26.0000,0.0000,-10.1250,0.4753,
24.5000,0.0000,-11.2500,0.1951,
23.0000,0.0000,-12.3750,0.0899,
21.5000,0.0000,-13.5000,0.3526,
41.0000,0.0000,-1.1250,1.3332,
42.5000,0.0000,-2.2500,0.5612,
44.0000,0.0000,-3.3750,0.7024,
45.5000,0.0000,-4.5000,1.9313,
47.0000,0.0000,-5.6250,2.5846,
48.5000,0.0000,-6.7500,2.5500,
50.0000,0.0000,-7.8750,2.0001,
51.5000,0.0000,-9.0000,0.5815,
53.0000,0.0000,-10.1250,1.1175,
54.5000,0.0000,-11.2500,0.0973,
56.0000,0.0000,-12.3750,1.0734,
41.0000,0.0000,0.0000,
39.5000,0.0000,-1.1250,17.9629,
38.0000,0.0000,-2.2500,29.7814,
36.5000,0.0000,-3.3750,13.0999,
35.0000,0.0000,-4.5000,6.9652,
33.5000,0.0000,-5.6250,5.8445,
32.0000,0.0000,-6.7500,6.8639,
30.5000,0.0000,-7.8750,7.8609,
29.0000,0.0000,-9.0000,8.4170,
27.5000,0.0000,-10.1250,8.2026,
26.0000,0.0000,-11.2500,8.2119,
24.5000,0.0000,-12.3750,7.5371,
23.0000,0.0000,-13.5000,7.5742,
21.5000,0.0000,-14.6250,7.0738,
42.5000,0.0000,-1.1250,90.8061,
44.0000,0.0000,-2.2500,43.9376,
45.5000,0.0000,-3.3750,15.3400,
47.0000,0.0000,-4.5000,2.5765,
48.5000,0.0000,-5.6250,1.0035,
50.0000,0.0000,-6.7500,1.5548,
51.5000,0.0000,-7.8750,7.4640,
53.0000,0.0000,-9.0000,5.4609,
54.5000,0.0000,-10.1250,9.1811,
56.0000,0.0000,-11.2500,10.8291,
42.5000,0.0000,0.0000,
41.0000,0.0000,-1.1250,87.2341,
39.5000,0.0000,-2.2500,3.5888,
38.0000,0.0000,-3.3750,7.7054,
36.5000,0.0000,-4.5000,4.9732,
35.0000,0.0000,-5.6250,4.6237,
33.5000,0.0000,-6.7500,4.4319,
32.0000,0.0000,-7.8750,5.0051,
30.5000,0.0000,-9.0000,5.5460,
29.0000,0.0000,-10.1250,5.3644,
27.5000,0.0000,-11.2500,5.2755,
26.0000,0.0000,-12.3750,4.9633,
24.5000,0.0000,-13.5000,5.0286,
23.0000,0.0000,-14.6250,4.9081,
44.0000,0.0000,-1.1250,163.7135,
45.5000,0.0000,-2.2500,73.1178,
47.0000,0.0000,-3.3750,14.9603,
48.5000,0.0000,-4.5000,6.8779,
50.0000,0.0000,-5.6250,1.5153,
51.5000,0.0000,-6.7500,7.7757,
53.0000,0.0000,-7.8750,4.7765,
54.5000,0.0000,-9.0000,6.5242,
56.0000,0.0000,-10.1250,8.0685,
57.5000,0.0000,-11.2500,7.8491,
44.0000,0.0000,0.0000,
42.5000,0.0000,-1.1250,137.9220,
41.0000,0.0000,-2.2500,33.1636,
39.5000,0.0000,-3.3750,2.7841,
38.0000,0.0000,-4.5000,4.0456,
36.5000,0.0000,-5.6250,4.3273,
35.0000,0.0000,-6.7500,4.8285,
33.5000,0.0000,-7.8750,4.5144,
32.0000,0.0000,-9.0000,5.0752,
30.5000,0.0000,-10.1250,5.3135,
29.0000,0.0000,-11.2500,5.0637,
27.5000,0.0000,-12.3750,4.8814,
26.0000,0.0000,-13.5000,4.5117,
24.5000,0.0000,-14.6250,4.6480,
23.0000,0.0000,-15.7500,4.6237,
45.5000,0.0000,-1.1250,141.7966,
47.0000,0.0000,-2.2500,42.4119,
48.5000,0.0000,-3.3750,15.6961,
50.0000,0.0000,-4.5000,2.5562,
51.5000,0.0000,-5.6250,11.4893,
53.0000,0.0000,-6.7500,4.8249,
54.5000,0.0000,-7.8750,5.4156,
56.0000,0.0000,-9.0000,7.8779,
57.5000,0.0000,-10.1250,7.1222,
45.5000,0.0000,0.0000,
44.0000,0.0000,-1.1250,97.9982,
42.5000,0.0000,-2.2500,59.6584,
41.0000,0.0000,-3.3750,9.9370,
39.5000,0.0000,-4.5000,3.1755,
38.0000,0.0000,-5.6250,3.3293,
36.5000,0.0000,-6.7500,5.1861,
35.0000,0.0000,-7.8750,5.9023,
33.5000,0.0000,-9.0000,5.6959,
32.0000,0.0000,-10.1250,6.3410,
30.5000,0.0000,-11.2500,6.5015,
29.0000,0.0000,-12.3750,6.3305,
27.5000,0.0000,-13.5000,6.2058,
26.0000,0.0000,-14.6250,5.8081,
24.5000,0.0000,-15.7500,5.5290,
47.0000,0.0000,-1.1250,144.6629,
48.5000,0.0000,-2.2500,45.6653,
50.0000,0.0000,-3.3750,11.7704,
51.5000,0.0000,-4.5000,35.1394,
53.0000,0.0000,-5.6250,10.0837,
54.5000,0.0000,-6.7500,9.4838,
56.0000,0.0000,-7.8750,11.2508,
57.5000,0.0000,-9.0000,9.2263,
59.0000,0.0000,-10.1250,7.9753,
47.0000,0.0000,0.0000,
45.5000,0.0000,-1.1250,118.3923,
44.0000,0.0000,-2.2500,32.0358,
42.5000,0.0000,-3.3750,11.9615,
41.0000,0.0000,-4.5000,2.1434,
39.5000,0.0000,-5.6250,2.8022,
38.0000,0.0000,-6.7500,3.4461,
36.5000,0.0000,-7.8750,5.6206,
35.0000,0.0000,-9.0000,5.9927,
33.5000,0.0000,-10.1250,5.8118,
32.0000,0.0000,-11.2500,6.3089,
30.5000,0.0000,-12.3750,6.3148,
29.0000,0.0000,-13.5000,6.1476,
27.5000,0.0000,-14.6250,6.1181,
26.0000,0.0000,-15.7500,5.4741,
24.5000,0.0000,-16.8750,5.4458,
48.5000,0.0000,-1.1250,98.7578,
50.0000,0.0000,-2.2500,20.4659,
51.5000,0.0000,-3.3750,63.9564,
53.0000,0.0000,-4.5000,16.3745,
54.5000,0.0000,-5.6250,12.9780,
56.0000,0.0000,-6.7500,12.8613,
57.5000,0.0000,-7.8750,10.1641,
59.0000,0.0000,-9.0000,7.6277,
48.5000,0.0000,0.0000,
47.0000,0.0000,-1.1250,61.2711,
45.5000,0.0000,-2.2500,46.1719,
44.0000,0.0000,-3.3750,14.3852,
42.5000,0.0000,-4.5000,3.0399,
41.0000,0.0000,-5.6250,1.3738,
39.5000,0.0000,-6.7500,3.7601,
38.0000,0.0000,-7.8750,4.6644,
36.5000,0.0000,-9.0000,7.2194,
35.0000,0.0000,-10.1250,7.7741,
33.5000,0.0000,-11.2500,7.5754,
32.0000,0.0000,-12.3750,7.7997,
30.5000,0.0000,-13.5000,8.0577,
29.0000,0.0000,-14.6250,7.7910,
27.5000,0.0000,-15.7500,7.4983,
26.0000,0.0000,-16.8750,6.4283,
50.0000,0.0000,-1.1250,19.6402,
51.5000,0.0000,-2.2500,157.7380,
53.0000,0.0000,-3.3750,35.5385,
54.5000,0.0000,-4.5000,28.7851,
56.0000,0.0000,-5.6250,29.3408,
57.5000,0.0000,-6.7500,15.8453,
59.0000,0.0000,-7.8750,10.5999,
60.5000,0.0000,-9.0000,11.9603,
50.0000,0.0000,0.0000,
48.5000,0.0000,-1.1250,35.2342,
47.0000,0.0000,-2.2500,18.1455,
45.5000,0.0000,-3.3750,10.7020,
44.0000,0.0000,-4.5000,2.7501,
42.5000,0.0000,-5.6250,1.5457,
41.0000,0.0000,-6.7500,1.6924,
39.5000,0.0000,-7.8750,0.5836,
38.0000,0.0000,-9.0000,2.9046,
36.5000,0.0000,-10.1250,3.6100,
35.0000,0.0000,-11.2500,3.9243,
33.5000,0.0000,-12.3750,3.3233,
32.0000,0.0000,-13.5000,2.9564,
30.5000,0.0000,-14.6250,2.3703,
29.0000,0.0000,-15.7500,2.2678,
27.5000,0.0000,-16.8750,2.4374,
26.0000,0.0000,-18.0000,2.3224,
51.5000,0.0000,-1.1250,120.4268,
53.0000,0.0000,-2.2500,17.5324,
54.5000,0.0000,-3.3750,18.9064,
56.0000,0.0000,-4.5000,19.5517,
57.5000,0.0000,-5.6250,6.4393,
59.0000,0.0000,-6.7500,4.8507,
60.5000,0.0000,-7.8750,3.5230,
51.5000,0.0000,0.0000,
50.0000,0.0000,-1.1250,44.2244,
48.5000,0.0000,-2.2500,117.0939,
47.0000,0.0000,-3.3750,50.5332,
45.5000,0.0000,-4.5000,30.3873,
44.0000,0.0000,-5.6250,3.2424,
42.5000,0.0000,-6.7500,1.2969,
41.0000,0.0000,-7.8750,1.7630,
39.5000,0.0000,-9.0000,5.4145,
38.0000,0.0000,-10.1250,8.2031,
36.5000,0.0000,-11.2500,11.4796,
35.0000,0.0000,-12.3750,12.3863,
33.5000,0.0000,-13.5000,11.0996,
32.0000,0.0000,-14.6250,12.0269,
30.5000,0.0000,-15.7500,12.0570,
29.0000,0.0000,-16.8750,11.5534,
27.5000,0.0000,-18.0000,10.2776,
53.0000,0.0000,-1.1250,56.6466,
54.5000,0.0000,-2.2500,80.0733,
56.0000,0.0000,-3.3750,109.8720,
57.5000,0.0000,-4.5000,38.9172,
59.0000,0.0000,-5.6250,11.0297,
60.5000,0.0000,-6.7500,6.8984,
62.0000,0.0000,-7.8750,18.5151,
53.0000,0.0000,0.0000,
51.5000,0.0000,-1.1250,71.0253,
50.0000,0.0000,-2.2500,15.2731,
48.5000,0.0000,-3.3750,30.0148,
47.0000,0.0000,-4.5000,11.4019,
45.5000,0.0000,-5.6250,5.2956,
44.0000,0.0000,-6.7500,0.0060,
42.5000,0.0000,-7.8750,0.3861,
41.0000,0.0000,-9.0000,2.0187,
39.5000,0.0000,-10.1250,3.1329,
38.0000,0.0000,-11.2500,6.8215,
36.5000,0.0000,-12.3750,9.3723,
35.0000,0.0000,-13.5000,10.1642,
33.5000,0.0000,-14.6250,9.3371,
32.0000,0.0000,-15.7500,9.5356,
30.5000,0.0000,-16.8750,9.7111,
29.0000,0.0000,-18.0000,9.1491,
27.5000,0.0000,-19.1250,8.4671,
54.5000,0.0000,-1.1250,121.0586,
56.0000,0.0000,-2.2500,209.2299,
57.5000,0.0000,-3.3750,86.6873,
59.0000,0.0000,-4.5000,4.3289,
60.5000,0.0000,-5.6250,11.8635,
62.0000,0.0000,-6.7500,20.9677,
54.5000,0.0000,0.0000,
53.0000,0.0000,-1.1250,141.2225,
51.5000,0.0000,-2.2500,67.7012,
50.0000,0.0000,-3.3750,13.0677,
48.5000,0.0000,-4.5000,21.7697,
47.0000,0.0000,-5.6250,12.0815,
45.5000,0.0000,-6.7500,2.6131,
44.0000,0.0000,-7.8750,0.0287,
42.5000,0.0000,-9.0000,0.2640,
41.0000,0.0000,-10.1250,2.6690,
39.5000,0.0000,-11.2500,4.0143,
38.0000,0.0000,-12.3750,8.4437,
36.5000,0.0000,-13.5000,11.7524,
35.0000,0.0000,-14.6250,11.6625,
33.5000,0.0000,-15.7500,11.0550,
32.0000,0.0000,-16.8750,11.4760,
30.5000,0.0000,-18.0000,11.5633,
29.0000,0.0000,-19.1250,10.4213,
56.0000,0.0000,-1.1250,216.4560,
57.5000,0.0000,-2.2500,113.1407,
59.0000,0.0000,-3.3750,28.6765,
60.5000,0.0000,-4.5000,4.4552,
62.0000,0.0000,-5.6250,21.7352,
63.5000,0.0000,-6.7500,37.1881,
56.0000,0.0000,0.0000,
54.5000,0.0000,-1.1250,126.7598,
53.0000,0.0000,-2.2500,169.3923,
51.5000,0.0000,-3.3750,83.5018,
50.0000,0.0000,-4.5000,15.1247,
48.5000,0.0000,-5.6250,20.6810,
47.0000,0.0000,-6.7500,5.9819,
45.5000,0.0000,-7.8750,2.6555,
44.0000,0.0000,-9.0000,0.0924,
42.5000,0.0000,-10.1250,0.7794,
41.0000,0.0000,-11.2500,3.6407,
39.5000,0.0000,-12.3750,4.5038,
38.0000,0.0000,-13.5000,9.7605,
36.5000,0.0000,-14.6250,13.8302,
35.0000,0.0000,-15.7500,13.9641,
33.5000,0.0000,-16.8750,12.2954,
32.0000,0.0000,-18.0000,13.0460,
30.5000,0.0000,-19.1250,12.7023,
29.0000,0.0000,-20.2500,11.6474,
57.5000,0.0000,-1.1250,153.1845,
59.0000,0.0000,-2.2500,67.6896,
60.5000,0.0000,-3.3750,48.8121,
62.0000,0.0000,-4.5000,27.7657,
63.5000,0.0000,-5.6250,55.0450,
57.5000,0.0000,0.0000,
56.0000,0.0000,-1.1250,102.4414,
54.5000,0.0000,-2.2500,76.4939,
53.0000,0.0000,-3.3750,71.7559,
51.5000,0.0000,-4.5000,36.2724,
50.0000,0.0000,-5.6250,6.2056,
48.5000,0.0000,-6.7500,13.1277,
47.0000,0.0000,-7.8750,1.9439,
45.5000,0.0000,-9.0000,2.2294,
44.0000,0.0000,-10.1250,0.5465,
42.5000,0.0000,-11.2500,1.6708,
41.0000,0.0000,-12.3750,3.8418,
39.5000,0.0000,-13.5000,2.4689,
38.0000,0.0000,-14.6250,8.8596,
36.5000,0.0000,-15.7500,10.9975,
35.0000,0.0000,-16.8750,11.2772,
33.5000,0.0000,-18.0000,10.4267,
32.0000,0.0000,-19.1250,10.8402,
30.5000,0.0000,-20.2500,10.4178,
59.0000,0.0000,-1.1250,142.5572,
60.5000,0.0000,-2.2500,0.0090,
62.0000,0.0000,-3.3750,8.1237,
63.5000,0.0000,-4.5000,69.2590,
65.0000,0.0000,-5.6250,228.7714,
59.0000,0.0000,0.0000,
57.5000,0.0000,-1.1250,90.9082,
56.0000,0.0000,-2.2500,51.5754,
54.5000,0.0000,-3.3750,36.3981,
53.0000,0.0000,-4.5000,28.9555,
51.5000,0.0000,-5.6250,15.1526,
50.0000,0.0000,-6.7500,2.4945,
48.5000,0.0000,-7.8750,4.0672,
47.0000,0.0000,-9.0000,1.7294,
45.5000,0.0000,-10.1250,2.3882,
44.0000,0.0000,-11.2500,1.9374,
42.5000,0.0000,-12.3750,2.7519,
41.0000,0.0000,-13.5000,3.8805,
39.5000,0.0000,-14.6250,0.7206,
38.0000,0.0000,-15.7500,6.3228,
36.5000,0.0000,-16.8750,7.5146,
35.0000,0.0000,-18.0000,7.4373,
33.5000,0.0000,-19.1250,7.0270,
32.0000,0.0000,-20.2500,7.0094,
30.5000,0.0000,-21.3750,6.8071,
60.5000,0.0000,-1.1250,16.4424,
62.0000,0.0000,-2.2500,32.3545,
63.5000,0.0000,-3.3750,37.3316,
65.0000,0.0000,-4.5000,121.7096,
60.5000,0.0000,0.0000,
59.0000,0.0000,-1.1250,8.6472,
57.5000,0.0000,-2.2500,21.8685,
56.0000,0.0000,-3.3750,20.0317,
54.5000,0.0000,-4.5000,15.2936,
53.0000,0.0000,-5.6250,13.6855,
51.5000,0.0000,-6.7500,9.5261,
50.0000,0.0000,-7.8750,3.3230,
48.5000,0.0000,-9.0000,2.4801,
47.0000,0.0000,-10.1250,1.6621,
45.5000,0.0000,-11.2500,2.3384,
44.0000,0.0000,-12.3750,1.9859,
42.5000,0.0000,-13.5000,2.8736,
41.0000,0.0000,-14.6250,4.2846,
39.5000,0.0000,-15.7500,0.1408,
38.0000,0.0000,-16.8750,7.3366,
36.5000,0.0000,-18.0000,9.0102,
35.0000,0.0000,-19.1250,9.1316,
33.5000,0.0000,-20.2500,8.6318,
32.0000,0.0000,-21.3750,8.2561,
62.0000,0.0000,-1.1250,42.3479,
63.5000,0.0000,-2.2500,35.0474,
65.0000,0.0000,-3.3750,110.2253,
66.5000,0.0000,-4.5000,39.9923,
62.0000,0.0000,0.0000,
60.5000,0.0000,-1.1250,42.4067,
59.0000,0.0000,-2.2500,8.7131,
57.5000,0.0000,-3.3750,24.3250,
56.0000,0.0000,-4.5000,29.7778,
54.5000,0.0000,-5.6250,21.6025,
53.0000,0.0000,-6.7500,19.7595,
51.5000,0.0000,-7.8750,14.6695,
50.0000,0.0000,-9.0000,2.3053,
48.5000,0.0000,-10.1250,2.8102,
47.0000,0.0000,-11.2500,0.7494,
45.5000,0.0000,-12.3750,2.1502,
44.0000,0.0000,-13.5000,1.1165,
42.5000,0.0000,-14.6250,2.3242,
41.0000,0.0000,-15.7500,5.5327,
39.5000,0.0000,-16.8750,4.3682,
38.0000,0.0000,-18.0000,14.5394,
36.5000,0.0000,-19.1250,17.4262,
35.0000,0.0000,-20.2500,17.4539,
33.5000,0.0000,-21.3750,15.3694,
32.0000,0.0000,-22.5000,15.6713,
63.5000,0.0000,-1.1250,52.5988,
65.0000,0.0000,-2.2500,65.5387,
66.5000,0.0000,-3.3750,33.5170,
63.5000,0.0000,0.0000,
62.0000,0.0000,-1.1250,47.7114,
60.5000,0.0000,-2.2500,12.7698,
59.0000,0.0000,-3.3750,18.0620,
57.5000,0.0000,-4.5000,53.0461,
56.0000,0.0000,-5.6250,45.8954,
54.5000,0.0000,-6.7500,31.1844,
53.0000,0.0000,-7.8750,26.5304,
51.5000,0.0000,-9.0000,23.0534,
50.0000,0.0000,-10.1250,3.1031,
48.5000,0.0000,-11.2500,4.5208,
47.0000,0.0000,-12.3750,1.5158,
45.5000,0.0000,-13.5000,3.1257,
44.0000,0.0000,-14.6250,1.9452,
42.5000,0.0000,-15.7500,3.0219,
41.0000,0.0000,-16.8750,6.5296,
39.5000,0.0000,-18.0000,4.7178,
38.0000,0.0000,-19.1250,13.4181,
36.5000,0.0000,-20.2500,16.8034,
35.0000,0.0000,-21.3750,16.7605,
33.5000,0.0000,-22.5000,14.2546,
65.0000,0.0000,-1.1250,114.5620,
66.5000,0.0000,-2.2500,74.1674,
68.0000,0.0000,-3.3750,26.1937,
65.0000,0.0000,0.0000,
63.5000,0.0000,-1.1250,92.8410,
62.0000,0.0000,-2.2500,8.8199,
60.5000,0.0000,-3.3750,26.7189,
59.0000,0.0000,-4.5000,71.5344,
57.5000,0.0000,-5.6250,183.3361,
56.0000,0.0000,-6.7500,128.2870,
54.5000,0.0000,-7.8750,73.8479,
53.0000,0.0000,-9.0000,56.0476,
51.5000,0.0000,-10.1250,27.5474,
50.0000,0.0000,-11.2500,0.7262,
48.5000,0.0000,-12.3750,6.9230,
47.0000,0.0000,-13.5000,3.2586,
45.5000,0.0000,-14.6250,4.7090,
44.0000,0.0000,-15.7500,2.7323,
42.5000,0.0000,-16.8750,3.8534,
41.0000,0.0000,-18.0000,8.0552,
39.5000,0.0000,-19.1250,3.2861,
38.0000,0.0000,-20.2500,14.2759,
36.5000,0.0000,-21.3750,18.0800,
35.0000,0.0000,-22.5000,17.3565,
33.5000,0.0000,-23.6250,15.1719,
66.5000,0.0000,-1.1250,170.5614,
68.0000,0.0000,-2.2500,48.3672,
66.5000,0.0000,0.0000,
65.0000,0.0000,-1.1250,124.0454,
63.5000,0.0000,-2.2500,54.3385,
62.0000,0.0000,-3.3750,5.9727,
60.5000,0.0000,-4.5000,20.2042,
59.0000,0.0000,-5.6250,24.7753,
57.5000,0.0000,-6.7500,53.9678,
56.0000,0.0000,-7.8750,42.6515,
54.5000,0.0000,-9.0000,28.8955,
53.0000,0.0000,-10.1250,27.4053,
51.5000,0.0000,-11.2500,11.9230,
50.0000,0.0000,-12.3750,1.7500,
48.5000,0.0000,-13.5000,4.3803,
47.0000,0.0000,-14.6250,2.8624,
45.5000,0.0000,-15.7500,4.2046,
44.0000,0.0000,-16.8750,2.5556,
42.5000,0.0000,-18.0000,4.0642,
41.0000,0.0000,-19.1250,6.2302,
39.5000,0.0000,-20.2500,3.5668,
38.0000,0.0000,-21.3750,12.8259,
36.5000,0.0000,-22.5000,16.1968,
35.0000,0.0000,-23.6250,15.2083,
68.0000,0.0000,-1.1250,55.8456,
69.5000,0.0000,-2.2500,208.9983,
68.0000,0.0000,0.0000,
66.5000,0.0000,-1.1250,106.9799,
65.0000,0.0000,-2.2500,47.6440,
63.5000,0.0000,-3.3750,22.6323,
62.0000,0.0000,-4.5000,9.3122,
60.5000,0.0000,-5.6250,8.0389,
59.0000,0.0000,-6.7500,12.1213,
57.5000,0.0000,-7.8750,19.4629,
56.0000,0.0000,-9.0000,19.3742,
54.5000,0.0000,-10.1250,14.7770,
53.0000,0.0000,-11.2500,10.0468,
51.5000,0.0000,-12.3750,7.8505,
50.0000,0.0000,-13.5000,1.9026,
48.5000,0.0000,-14.6250,3.9731,
47.0000,0.0000,-15.7500,2.9115,
45.5000,0.0000,-16.8750,3.9935,
44.0000,0.0000,-18.0000,2.7565,
42.5000,0.0000,-19.1250,4.4127,
41.0000,0.0000,-20.2500,6.7122,
39.5000,0.0000,-21.3750,2.5141,
38.0000,0.0000,-22.5000,11.4865,
36.5000,0.0000,-23.6250,13.8993,
35.0000,0.0000,-24.7500,13.3612,
69.5000,0.0000,-1.1250,428.3603,
69.5000,0.0000,0.0000,
68.0000,0.0000,-1.1250,408.3287,
66.5000,0.0000,-2.2500,171.6968,
65.0000,0.0000,-3.3750,55.0682,
63.5000,0.0000,-4.5000,21.7208,
62.0000,0.0000,-5.6250,12.1058,
60.5000,0.0000,-6.7500,9.2486,
59.0000,0.0000,-7.8750,9.5087,
57.5000,0.0000,-9.0000,18.7046,
56.0000,0.0000,-10.1250,19.0805,
54.5000,0.0000,-11.2500,19.2121,
53.0000,0.0000,-12.3750,9.1223,
51.5000,0.0000,-13.5000,8.9452,
50.0000,0.0000,-14.6250,1.2742,
48.5000,0.0000,-15.7500,4.8345,
47.0000,0.0000,-16.8750,3.7443,
45.5000,0.0000,-18.0000,4.6534,
44.0000,0.0000,-19.1250,3.7486,
42.5000,0.0000,-20.2500,4.1098,
41.0000,0.0000,-21.3750,6.5752,
39.5000,0.0000,-22.5000,2.0770,
38.0000,0.0000,-23.6250,11.6318,
36.5000,0.0000,-24.7500,13.6719,
71.0000,0.0000,-1.1250,215.2756,
71.0000,0.0000,0.0000,
69.5000,0.0000,-1.1250,55.0244,
68.0000,0.0000,-2.2500,325.9979,
66.5000,0.0000,-3.3750,114.3367,
65.0000,0.0000,-4.5000,36.7572,
63.5000,0.0000,-5.6250,16.4236,
62.0000,0.0000,-6.7500,13.7309,
60.5000,0.0000,-7.8750,11.6436,
59.0000,0.0000,-9.0000,8.2262,
57.5000,0.0000,-10.1250,15.1716,
56.0000,0.0000,-11.2500,15.0150,
54.5000,0.0000,-12.3750,10.9547,
53.0000,0.0000,-13.5000,7.9439,
51.5000,0.0000,-14.6250,8.0478,
50.0000,0.0000,-15.7500,0.6744,
48.5000,0.0000,-16.8750,4.9960,
47.0000,0.0000,-18.0000,3.8494,
45.5000,0.0000,-19.1250,4.8084,
44.0000,0.0000,-20.2500,4.2668,
42.5000,0.0000,-21.3750,4.8681,
41.0000,0.0000,-22.5000,6.3239,
39.5000,0.0000,-23.6250,1.1916,
38.0000,0.0000,-24.7500,10.7101,
36.5000,0.0000,-25.8750,12.8450,
72.5000,0.0000,0.0000,
71.0000,0.0000,-1.1250,210.1830,
69.5000,0.0000,-2.2500,99.3155,
68.0000,0.0000,-3.3750,137.5236,
66.5000,0.0000,-4.5000,49.9069,
65.0000,0.0000,-5.6250,16.2583,
63.5000,0.0000,-6.7500,12.5629,
62.0000,0.0000,-7.8750,10.6954,
60.5000,0.0000,-9.0000,7.0798,
59.0000,0.0000,-10.1250,5.9600,
57.5000,0.0000,-11.2500,11.0803,
56.0000,0.0000,-12.3750,14.5123,
54.5000,0.0000,-13.5000,8.2333,
53.0000,0.0000,-14.6250,7.2941,
51.5000,0.0000,-15.7500,7.2043,
50.0000,0.0000,-16.8750,0.6825,
48.5000,0.0000,-18.0000,5.0298,
47.0000,0.0000,-19.1250,3.9915,
45.5000,0.0000,-20.2500,4.8772,
44.0000,0.0000,-21.3750,3.7094,
42.5000,0.0000,-22.5000,4.7635,
41.0000,0.0000,-23.6250,6.2200,
39.5000,0.0000,-24.7500,0.4934,
38.0000,0.0000,-25.8750,9.3201,
200.0000,0.0000,0.0000,
90.0000,0.0000,0.0000,
